Seq,Section,Symbol,Description,Quantity 2/28/26,Price 2/28/26,Market Value 2/28/26,Method,Recipient,A Shares,H Shares,E Shares,Unallocated Shares,A Value,H Value,E Value
1,Stock Funds,FSCOX,FIDELITY INTL SMALL CAP OPP FUND (FSCOX),170.434,23.32,3974.52,Split 40/40/20,,68.174,68.174,34.087,-0.001,1589.82,1589.82,794.91
2,Stock Funds,FEMKX,FIDELITY EMERGING MARKETS (FEMKX),275.088,54.92,15107.83,Split 40/40/20,,110.035,110.035,55.018,0.0,6043.12,6043.12,3021.59
3,Stock Funds,FLCSX,FIDELITY LARGE CAP STOCK (FLCSX),419.284,67.11,28138.15,Split 40/40/20,,167.714,167.714,83.857,-0.001,11255.29,11255.29,5627.64
4,Stock Funds,FICQX,FIDELITY INTL CAP APPRECIATION FUND (FICQX),238.154,37.71,8980.79,Split 40/40/20,,95.262,95.262,47.631,-0.001,3592.33,3592.33,1796.17
5,Stock Funds,FISZX,FIDELITY SAI INTL SMA COMPLETION FD (FISZX),29.659,17.47,518.14,Split 40/40/20,,11.864,11.864,5.932,-0.001,207.26,207.26,103.63
6,Stock Funds,FEMVX,FID SAI EMERGING MKT VALUE INDEX FUND(FEMVX),320.756,19.69,6315.69,Split 40/40/20,,128.302,128.302,64.151,0.001,2526.27,2526.27,1263.13
7,Stock Funds,FBGRX,FIDELITY BLUE CHIP GROWTH (FBGRX),111.852,260.64,29153.11,Split 40/40/20,,44.741,44.741,22.37,0.0,11661.29,11661.29,5830.52
8,Stock Funds,AEMSX,ABERDEEN EMERGING MRKTS FD INSTL SV CL (AEMSX),674.852,19.02,12835.68,Split 40/40/20,,269.941,269.941,134.97,0.0,5134.28,5134.28,2567.13
9,Stock Funds,AEMGX,ACADIAN EMERGING MARKETS PORT INVSTR (AEMGX),110.021,32.12,3533.87,Split 40/40/20,,44.008,44.008,22.004,0.001,1413.54,1413.54,706.77
10,Stock Funds,CIVVX,CAUSEWAY INTERNATNAL VALUE INVESTOR (CIVVX),637.431,25.48,16241.74,Split 40/40/20,,254.972,254.972,127.486,0.001,6496.69,6496.69,3248.34
11,Stock Funds,DFEVX,DIMENSIONAL EMERGING MKTS VAL PRTF INSTL (DFEVX),305.923,42.55,13017.02,Split 40/40/20,,122.369,122.369,61.185,0.0,5206.8,5206.8,2603.42
12,Stock Funds,DODFX,DODGE & COX INTERNATL STOCK CL I (DODFX),818.244,18.14,14842.94,Split 40/40/20,,327.298,327.298,163.649,-0.001,5937.19,5937.19,2968.59
13,Stock Funds,OAKIX,OAKMARK INTL INVESTOR CL (OAKIX),193.236,34.14,6597.07,Split 40/40/20,,77.294,77.294,38.647,0.001,2638.82,2638.82,1319.41
14,Stock Funds,HHHFX,HARTFORD SCHRODERS EMERG MKTS EQ CL F (HHHFX),693.321,26.78,18567.13,Split 40/40/20,,277.328,277.328,138.664,0.001,7426.84,7426.84,3713.42
15,Stock Funds,MGIAX,MFS INTERNATIONAL INTRINSIC VALUE CL A (MGIAX),77.745,47.85,3720.09,Split 40/40/20,,31.098,31.098,15.549,0.0,1488.04,1488.04,744.02
16,Stock Funds,PAEIX,T ROWE PRICE OVERSEAS STK ADV CL (PAEIX),873.606,17.83,15576.39,Split 40/40/20,,349.442,349.442,174.721,0.001,6230.55,6230.55,3115.28
17,Stock Funds,PRIUX,T ROWE PRICE INTERNATIONAL STK I (PRIUX),398.537,22.52,8975.05,Split 40/40/20,,159.415,159.415,79.707,0.0,3590.03,3590.03,1795.0
18,Stock Funds,MISIX,VICTORY TRIVALENT INTL SMALL CAP I (MISIX),670.019,22.9,15343.43,Split 40/40/20,,268.008,268.008,134.004,-0.001,6137.38,6137.38,3068.69
19,Bond Funds,FSMUX,SAI MUNICIPAL BOND FUND (FSMUX),5577.118,8.98,50082.52,Split 40/40/20,,2230.847,2230.847,1115.424,0.0,20033.01,20033.01,10016.51
20,Bond Funds,FNYAX,FRANKLIN NEW YORK TAX-FREE INC ADV CL (FNYAX),1128.325,10.02,11305.81,Split 40/40/20,,451.33,451.33,225.665,0.0,4522.33,4522.33,2261.16
21,Bond Funds,VNYUX,VANGUARD NY LONG TERM TAX-EXEMPT ADMR (VNYUX),209.981,11.04,2318.19,Split 40/40/20,,83.992,83.992,41.996,0.001,927.27,927.27,463.64
22,Short-term Funds,FDRXX,FIDELITY GOVERNMENT CASH RESERVES (FDRXX),10515.73,1.0,10515.73,Split 40/40/20,,4206.292,4206.292,2103.146,-0.0,4206.29,4206.29,2103.15
23,Exchange Traded Products,IVV,ISHARES CORE S&P 500 ETF (IVV),95.0,689.38,65491.1,Split 40/40/20,,38.0,38.0,19.0,0.0,26196.44,26196.44,13098.22
24,Exchange Traded Products,EFA,ISHARES MSCI EAFE ETF (EFA),658.0,105.38,69340.04,Split 40/40/20,,263.2,263.2,131.6,0.0,27736.02,27736.02,13868.01
25,Exchange Traded Products,IWP,ISHARES TR RUS MD CP GR ETF (IWP),158.0,136.75,21606.5,Split 40/40/20,,63.2,63.2,31.6,0.0,8642.6,8642.6,4321.3
26,Exchange Traded Products,IJH,ISHARES CORE S&P MID-CAP ETF (IJH),299.7,71.49,21425.55,Split 40/40/20,,119.88,119.88,59.94,0.0,8570.22,8570.22,4285.11
27,Exchange Traded Products,IJJ,ISHARES S&P MID-CAP 400 VALUE ETF (IJJ),41.98,140.15,5883.49,Split 40/40/20,,16.792,16.792,8.396,-0.0,2353.4,2353.4,1176.7
28,Exchange Traded Products,IJR,ISHARES CORE S&P SMALL-CAP E (IJR),235.57,129.7,30553.42,Split 40/40/20,,94.228,94.228,47.114,0.0,12221.37,12221.37,6110.69
29,Exchange Traded Products,SCZ,ISHARES TR EAFE SML CP ETF (SCZ),24.0,85.72,2057.28,Split 40/40/20,,9.6,9.6,4.8,0.0,822.91,822.91,411.46
30,Exchange Traded Products,EFV,ISHARES TR EAFE VALUE ETF (EFV),40.0,79.76,3190.4,Split 40/40/20,,16.0,16.0,8.0,0.0,1276.16,1276.16,638.08
31,Exchange Traded Products,EFAV,ISHARES TR MSCI EAFE MIN VL (EFAV),44.49,94.87,4220.76,Split 40/40/20,,17.796,17.796,8.898,0.0,1688.31,1688.31,844.15
32,Exchange Traded Products,USMV,ISHARES TR MSCI USA MIN VOL (USMV),75.0,97.81,7335.75,Split 40/40/20,,30.0,30.0,15.0,0.0,2934.3,2934.3,1467.15
33,Exchange Traded Products,QUAL,ISHARES TR MSCI USA QLT FCT (QUAL),276.0,204.86,56541.36,Split 40/40/20,,110.4,110.4,55.2,0.0,22616.54,22616.54,11308.27
34,Exchange Traded Products,IEFA,ISHARES TRUST CORE MSCI EAFE ETF (IEFA),11.16,98.32,1097.25,Split 40/40/20,,4.464,4.464,2.232,0.0,438.9,438.9,219.45
35,Exchange Traded Products,IEMG,ISHARES CORE MSCI EMERGING MARKETS ETF (IEMG),66.0,76.76,5066.16,Split 40/40/20,,26.4,26.4,13.2,0.0,2026.46,2026.46,1013.23
36,Exchange Traded Products,SMLF,ISHARES U.S. SMALL CAP EQUITY FACTOR ETF (SMLF),107.99,79.14,8546.32,Split 40/40/20,,43.196,43.196,21.598,0.0,3418.53,3418.53,1709.27
37,Exchange Traded Products,VFH,VANGUARD WORLD FD FINANCIALS ETF (VFH),160.0,125.56,20089.6,Split 40/40/20,,64.0,64.0,32.0,0.0,8035.84,8035.84,4017.92
38,Exchange Traded Products,VV,VANGUARD LARGE-CAP INDEX FUND (VV),286.0,315.17,90138.62,Split 40/40/20,,114.4,114.4,57.2,0.0,36055.45,36055.45,18027.72
39,Exchange Traded Products,VUG,VANGUARD INDEX FDS VANGUARD GROWTH ETF FORMERLY VANGUARD INDEX TR VIPERS (VUG),197.0,460.87,90791.39,Split 40/40/20,,78.8,78.8,39.4,0.0,36316.56,36316.56,18158.28
40,Exchange Traded Products,VTV,VANGUARD INDEX FDS VANGUARD VALUE ETF FORMERLY VANGUARD INDEX TR (VTV),322.0,207.26,66737.72,Split 40/40/20,,128.8,128.8,64.4,0.0,26695.09,26695.09,13347.54
41,Exchange Traded Products,VB,VANGUARD SMALL-CAP INDEX FUND (VB),17.0,277.11,4710.87,Split 40/40/20,,6.8,6.8,3.4,0.0,1884.35,1884.35,942.17
42,Stocks,DB,DEUTSCHE BANK AG (DB),1.28,35.42,45.33,Split 40/40/20,,0.512,0.512,0.256,0.0,18.14,18.14,9.07
43,Stocks,TTE,TOTALENERGIES SE EUR2.5 (TTE),1.07,80.34,85.96,Assigned,A,1.07,0,0,0.0,85.96,0.0,0.0
44,Stocks,AS,AMER SPORTS INC COM EUR0.030058 (AS),4.23,37.98,160.65,Split 40/40/20,,1.692,1.692,0.846,0.0,64.26,64.26,32.13
45,Stocks,AON,AON PLC SHS CL A COM USD0.01 (AON),1.016,335.47,340.83,Split 40/40/20,,0.406,0.406,0.203,0.001,136.2,136.2,68.1
46,Stocks,AZN,ASTRAZENECA PLC ORD USD0.25 ISIN #GB0009895292 SEDOL #BPY0JG9 (AZN),2.363,208.45,492.56,Assigned,E,0,0,2.363,0.0,0.0,0.0,492.57
47,Stocks,ACN,ACCENTURE PLC (ACN),0.86,208.72,179.49,Split 40/40/20,,0.344,0.344,0.172,0.0,71.8,71.8,35.9
48,Stocks,CRH,CRH ORD EUR 0.32 (DI)(CRH),3.07,119.98,368.33,Split 40/40/20,,1.228,1.228,0.614,0.0,147.34,147.34,73.67
49,Stocks,CCEP,COCA-COLA EUROPACIFIC PARTNERS COM EUR0.01 (CCEP),3.3,110.43,364.41,Split 40/40/20,,1.32,1.32,0.66,-0.0,145.77,145.77,72.88
50,Stocks,ETN,EATON CORPORATION PLC (ETN),0.35,375.92,131.57,Split 40/40/20,,0.14,0.14,0.07,-0.0,52.63,52.63,26.31
51,Stocks,FTAI,FTAI AVIATION LTD SHS ISIN #KYG3730V1059 (FTAI),1.41,305.8,431.17,Split 40/40/20,,0.564,0.564,0.282,0.0,172.47,172.47,86.24
52,Stocks,JAZZ,JAZZ PHARMACEUTICALS PLC COM USD0.0001 (JAZZ),0.64,190.02,121.61,Split 40/40/20,,0.256,0.256,0.128,0.0,48.65,48.65,24.32
53,Stocks,JCI,JOHNSON CONTROLS INTERNATIONAL PLC COM USD1.00 (JCI),5.64,144.3,813.85,Split 40/40/20,,2.256,2.256,1.128,0.0,325.54,325.54,162.77
54,Stocks,LIN,LINDE PLC COM EUR0.001 (LIN),1.31,508.08,665.58,Split 40/40/20,,0.524,0.524,0.262,0.0,266.23,266.23,133.12
55,Stocks,MDT,MEDTRONIC PLC (MDT),1.24,97.66,121.09,Split 40/40/20,,0.496,0.496,0.248,0.0,48.44,48.44,24.22
56,Stocks,PNR,PENTAIR PLC SHS (PNR),1.94,99.19,192.42,Split 40/40/20,,0.776,0.776,0.388,0.0,76.97,76.97,38.49
57,Stocks,STX,SEAGATE TECHNOLOGY HLDGS PUB LTD CO SEAGATE TECHNOLOGY HOLDINGS PLC ORDINARY SHARES ISIN #IE00BKVD2N49 (STX),0.65,407.84,265.09,Split 40/40/20,,0.26,0.26,0.13,0.0,106.04,106.04,53.02
58,Stocks,SW,SMURFIT WESTROCK PLC ORD USD0.001 (DI)(SW),0.76,47.01,35.72,Split 40/40/20,,0.304,0.304,0.152,0.0,14.29,14.29,7.15
59,Stocks,TEL,TE CONNECTIVITY PLC COM USD0.01 (TEL),0.8,230.15,184.12,Split 40/40/20,,0.32,0.32,0.16,0.0,73.65,73.65,36.82
60,Stocks,TT,TRANE TECHNOLOGIES PLC COM USD1 (TT),1.33,462.32,614.88,Split 40/40/20,,0.532,0.532,0.266,0.0,245.95,245.95,122.98
61,Stocks,WTW,WILLIS TOWERS WATSON PLC COM USD0.000304635 (WTW),0.93,305.17,283.8,Split 40/40/20,,0.372,0.372,0.186,0.0,113.52,113.52,56.76
62,Stocks,SPOT,SPOTIFY TECHNOLOGY S.A. COM EUR0.000625 (SPOT),0.02,514.94,10.29,Split 40/40/20,,0.008,0.008,0.004,0.0,4.12,4.12,2.06
63,Stocks,AER,AERCAP HOLDINGS N.V. EUR0.01 (AER),0.15,149.44,22.41,Split 40/40/20,,0.06,0.06,0.03,0.0,8.97,8.97,4.48
64,Stocks,ASMIY,ASM INTERNATIONAL NV SPON ADR EACH REP 1 ORD SHS (ASMIY),0.02,846.83,16.93,Assigned,H,0,0.02,0,0.0,0.0,16.94,0.0
65,Stocks,ASML,ASML HOLDING NV EUR0.09 NY REGISTRY SHS 2012 (ASML),0.15,1450.56,217.58,Split 40/40/20,,0.06,0.06,0.03,0.0,87.03,87.03,43.52
66,Stocks,NXPI,NXP SEMICONDUCTORS NV (NXPI),3.449,227.01,782.95,Split 40/40/20,,1.38,1.38,0.69,-0.001,313.27,313.27,156.64
67,Stocks,RCL,ROYAL CARIBBEAN GROUP COM USD0.01 (RCL),0.8,310.96,248.76,Split 40/40/20,,0.32,0.32,0.16,0.0,99.51,99.51,49.75
68,Stocks,ABBNY,ABB LTD SPON ADR EACH REP 1 ORD SHS (ABBNY),0.94,92.79,87.22,Assigned,A,0.94,0,0,0.0,87.22,0.0,0.0
69,Stocks,AGCO,AGCO CORP COM USD0.01 (AGCO),0.78,136.5,106.47,Split 40/40/20,,0.312,0.312,0.156,0.0,42.59,42.59,21.29
70,Stocks,AAGIY,AIA GROUP ADR(AAGIY),1.53,44.17,67.58,Assigned,A,1.53,0,0,0.0,67.58,0.0,0.0
71,Stocks,T,AT&T INC COM USD1 (T),28.39,28.01,795.2,Split 40/40/20,,11.356,11.356,5.678,0.0,318.08,318.08,159.04
72,Stocks,ABBV,ABBVIE INC COM USD0.01 (ABBV),7.11,232.08,1650.08,Split 40/40/20,,2.844,2.844,1.422,0.0,660.04,660.04,330.02
73,Stocks,AYI,ACUITY INC. (AYI),0.74,301.59,223.17,Split 40/40/20,,0.296,0.296,0.148,0.0,89.27,89.27,44.64
74,Stocks,ATEYY,ADVANTEST CORP SPON ADR EACH REP 1 ORD SHS (ATEYY),0.27,173.03,46.71,Assigned,A,0.27,0,0,0.0,46.72,0.0,0.0
75,Stocks,AMD,ADVANCED MICRO DEVICES INC (AMD),2.25,200.21,450.47,Split 40/40/20,,0.9,0.9,0.45,0.0,180.19,180.19,90.09
76,Stocks,AFRM,AFFIRM HOLDINGS INC CLASS A COMMON STOCK (AFRM),1.31,46.98,61.54,Split 40/40/20,,0.524,0.524,0.262,0.0,24.62,24.62,12.31
77,Stocks,AIQUY,L AIR LIQUIDE ORD ADR (AIQUY),1.33,42.0,55.86,Assigned,H,0,1.33,0,0.0,0.0,55.86,0.0
78,Stocks,EADSY,AIRBUS SE UNSPON ADR EA REPR 0.25 ORD EUR1 (EADSY),0.35,54.17,18.95,Assigned,H,0,0.35,0,0.0,0.0,18.96,0.0
79,Stocks,AKZOY,AKZO NOBEL NV SPON ADS EACH REP 1/3 ORD SHS(R/S) (AKZOY),1.71,23.44,40.08,Assigned,E,0,0,1.71,0.0,0.0,0.0,40.08
80,Stocks,ACI,ALBERTSONS COS INC COMMON STOCK (ACI),3.01,17.9,53.87,Split 40/40/20,,1.204,1.204,0.602,0.0,21.55,21.55,10.78
81,Stocks,BABA,ALIBABA GROUP HOLDING LTD SPON ADS EACH REP 8 ORD SHS (BABA),2.8,144.11,403.5,Assigned,A,2.8,0,0,0.0,403.51,0.0,0.0
82,Stocks,ALGM,ALLEGRO MICROSYSTEMS INC COM (ALGM),3.58,36.47,130.56,Split 40/40/20,,1.432,1.432,0.716,0.0,52.23,52.23,26.11
83,Stocks,LNT,ALLIANT ENERGY CORP COM USD0.01 (LNT),0.82,72.34,59.31,Split 40/40/20,,0.328,0.328,0.164,-0.0,23.73,23.73,11.86
84,Stocks,ALIZY,ALLIANZ SE UNSPON ADS EACH REP 1/10 ORD SHARES (ALIZY),1.54,44.97,69.25,Assigned,E,0,0,1.54,0.0,0.0,0.0,69.25
85,Stocks,ALLY,ALLY FINANCIAL INC COM USD0.01 (ALLY),0.411,39.44,16.2,Split 40/40/20,,0.164,0.164,0.082,0.001,6.47,6.47,3.23
86,Stocks,ALNY,ALNYLAM PHARMACEUTICALS INC (ALNY),0.37,332.92,123.18,Split 40/40/20,,0.148,0.148,0.074,0.0,49.27,49.27,24.64
87,Stocks,GOOG,ALPHABET INC CAP STK CL C (GOOG),14.04,311.43,4372.47,Split 40/40/20,,5.616,5.616,2.808,0.0,1748.99,1748.99,874.5
88,Stocks,GOOGL,ALPHABET INC CAP STK CL A (GOOGL),16.61,311.76,5178.33,Split 40/40/20,,6.644,6.644,3.322,0.0,2071.33,2071.33,1035.67
89,Stocks,ALSMY,ALSTOM ADR (ALSMY),18.52,3.29,60.93,Assigned,H,0,18.52,0,0.0,0.0,60.93,0.0
90,Stocks,MO,ALTRIA GROUP INC (MO),10.24,69.04,706.96,Split 40/40/20,,4.096,4.096,2.048,0.0,282.79,282.79,141.39
91,Stocks,AMADY,AMADEUS IT GROUP S A UNSPONSORED ADS (AMADY),0.33,62.04,20.47,Assigned,A,0.33,0,0,0.0,20.47,0.0,0.0
92,Stocks,AMZN,AMAZON.COM INC (AMZN),35.94,210.0,7547.4,Split 40/40/20,,14.376,14.376,7.188,0.0,3018.96,3018.96,1509.48
93,Stocks,AEE,AMEREN CORP COM USD0.01 (AEE),0.56,113.28,63.43,Split 40/40/20,,0.224,0.224,0.112,0.0,25.37,25.37,12.69
94,Stocks,AMKR,AMKOR TECHNOLOGY INC (AMKR),6.95,47.82,332.34,Split 40/40/20,,2.78,2.78,1.39,0.0,132.94,132.94,66.47
95,Stocks,ADI,ANALOG DEVICES INC COM (ADI),0.65,355.79,231.26,Split 40/40/20,,0.26,0.26,0.13,0.0,92.51,92.51,46.25
96,Stocks,BUD,ANHEUSER-BUSCH INBEV SA/NV ADR EAH REP 1 ORD NPV (BUD),0.9,80.95,72.85,Assigned,A,0.9,0,0,0.0,72.86,0.0,0.0
97,Stocks,ANZGY,ANZ GROUP HOLDINGS LIMITED SPON ADR EACH REP 1 ORD SHS (ANZGY),1.39,28.51,39.62,Assigned,H,0,1.39,0,0.0,0.0,39.63,0.0
98,Stocks,APA,APA CORPORATION COM (APA),12.68,30.37,385.09,Split 40/40/20,,5.072,5.072,2.536,0.0,154.04,154.04,77.02
99,Stocks,APO,APOLLO GLOBAL MGMT INC COM (APO),2.83,104.6,296.01,Split 40/40/20,,1.132,1.132,0.566,0.0,118.41,118.41,59.2
100,Stocks,AAPL,APPLE INC (AAPL),41.72,264.18,11021.58,Split 40/40/20,,16.688,16.688,8.344,0.0,4408.64,4408.64,2204.32
101,Stocks,AMAT,APPLIED MATERIALS INC COM USD0.01 (AMAT),1.03,372.3,383.46,Split 40/40/20,,0.412,0.412,0.206,0.0,153.39,153.39,76.69
102,Stocks,APP,APPLOVIN CORP COM CL A (APP),1.079,434.77,469.11,Split 40/40/20,,0.432,0.432,0.216,-0.001,187.82,187.82,93.91
103,Stocks,MT,ARCELORMITTAL NY REGISTRY SHS NEW(POST REV SPLIT) (MT),0.71,65.16,46.26,Split 40/40/20,,0.284,0.284,0.142,0.0,18.51,18.51,9.25
104,Stocks,ADM,ARCHER-DANIELS-MIDLA ND CO (ADM),1.46,69.04,100.79,Split 40/40/20,,0.584,0.584,0.292,0.0,40.32,40.32,20.16
105,Stocks,ARGX,ARGENX SE SPON ADR EACH REP 1 ORD SHS (ARGX),0.03,766.92,23.0,Assigned,H,0,0.03,0,0.0,0.0,23.01,0.0
106,Stocks,ANET,ARISTA NETWORKS INC COM SHS (ANET),2.42,133.5,323.07,Split 40/40/20,,0.968,0.968,0.484,0.0,129.23,129.23,64.61
107,Stocks,ASAZY,ASSA ABLOY UNSP ADR EA REPR 0.50 ORD SHS (ASAZY),1.94,21.23,41.18,Assigned,A,1.94,0,0,0.0,41.19,0.0,0.0
108,Stocks,ALAB,ASTERA LABS INC COM (ALAB),2.73,118.83,324.4,Split 40/40/20,,1.092,1.092,0.546,-0.0,129.76,129.76,64.88
109,Stocks,ATLKY,ATLAS COPCO AB SP ADR A NEW (ATLKY),1.21,21.56,26.08,Assigned,A,1.21,0,0,0.0,26.09,0.0,0.0
110,Stocks,ATO,ATMOS ENERGY CORP COM NPV (ATO),0.62,186.79,115.8,Split 40/40/20,,0.248,0.248,0.124,0.0,46.32,46.32,23.16
111,Stocks,ADP,AUTOMATIC DATA PROCESSING INC COM (ADP),0.36,214.36,77.16,Split 40/40/20,,0.144,0.144,0.072,0.0,30.87,30.87,15.43
112,Stocks,AN,AUTONATION INC COM USD0.01 (AN),0.38,195.16,74.16,Split 40/40/20,,0.152,0.152,0.076,0.0,29.66,29.66,14.83
113,Stocks,AZO,AUTOZONE INC COM USD0.01 (AZO),0.07,3755.58,262.89,Split 40/40/20,,0.028,0.028,0.014,0.0,105.16,105.16,52.58
114,Stocks,CAR,AVIS BUDGET GROUP COM (CAR),0.77,97.41,75.0,Split 40/40/20,,0.308,0.308,0.154,0.0,30.0,30.0,15.0
115,Stocks,AXAHY,AXA SA SPON ADR EACH REP 1 ORD SHS (AXAHY),1.43,48.83,69.82,Assigned,H,0,1.43,0,0.0,0.0,69.83,0.0
116,Stocks,BAESY,BAE SYSTEMS PLC SPONSORED ADR(BAESY),0.45,116.0,52.2,Assigned,A,0.45,0,0,0.0,52.2,0.0,0.0
117,Stocks,BP,BP PLC SPONSORED ADR (BP),0.98,38.86,38.08,Assigned,H,0,0.98,0,0.0,0.0,38.08,0.0
118,Stocks,BNPQY,BNP PARIBAS ADR(BNPQY),1.54,56.08,86.36,Assigned,H,0,1.54,0,0.0,0.0,86.36,0.0
119,Stocks,BKR,BAKER HUGHES COMPANY CL A (BKR),5.99,65.26,390.9,Split 40/40/20,,2.396,2.396,1.198,0.0,156.36,156.36,78.18
120,Stocks,BBVA,BANCO BILBAO VIZCAYA ARGENTAR ADS EACH REPR 1 ORD EUR0.49 (BBVA),1.37,23.13,31.68,Assigned,E,0,0,1.37,0.0,0.0,0.0,31.69
121,Stocks,SAN,BANCO SANTANDER S.A. ADR (SAN),13.16,12.36,162.65,Assigned,A,13.16,0,0,0.0,162.66,0.0,0.0
122,Stocks,BAC,BANK AMERICA CORP COM (BAC),32.15,49.83,1602.03,Split 40/40/20,,12.86,12.86,6.43,0.0,640.81,640.81,320.41
123,Stocks,BKRIY,BANK IRELAND GROUP PLC UNSPON ADR EACH REP 1 ORD SHS (BKRIY),0.87,19.48,16.94,Assigned,A,0.87,0,0,0.0,16.95,0.0,0.0
124,Stocks,BK,BANK OF NEW YORK MELLON CORP COM USD0.01 (BK),8.62,119.1,1026.64,Split 40/40/20,,3.448,3.448,1.724,0.0,410.66,410.66,205.33
125,Stocks,BCS,BARCLAYS PLC ADR-EACH CV INTO 4 ORD STK GBP0.25 JPM (BCS),3.66,24.28,88.86,Assigned,H,0,3.66,0,0.0,0.0,88.86,0.0
126,Stocks,BAYRY,BAYER AG SPON ADR EACH REP 0.25 ORD SHS (BAYRY),1.48,12.3,18.2,Assigned,A,1.48,0,0,0.0,18.2,0.0,0.0
127,Stocks,BMWKY,BAYERISCHE MOTOREN WERKE AG UNSP ADR EACH REP 0.33 ORD SHS (BMWKY),0.59,35.23,20.78,Assigned,H,0,0.59,0,0.0,0.0,20.79,0.0
128,Stocks,ONC,BEONE MEDICINES LTD. AMERICAN DEPOSITARY SHARES (ONC),0.03,316.99,9.5,Split 40/40/20,,0.012,0.012,0.006,0.0,3.8,3.8,1.9
129,Stocks,BKGFY,BERKELEY GROUP HLDGS UNSPON ADS EACH REP 0.2 ORD (POST SPLT) (BKGFY),1.18,11.79,13.91,Assigned,A,1.18,0,0,0.0,13.91,0.0,0.0
130,Stocks,BRKB,BERKSHIRE HATHAWAY INC COM USD0.0033 CLASS B (BRKB),0.987,504.95,498.38,Split 40/40/20,,0.395,0.395,0.197,-0.0,199.46,199.46,99.48
131,Stocks,BLK,BLACKROCK INC COM (BLK),0.56,1063.23,595.4,Split 40/40/20,,0.224,0.224,0.112,0.0,238.16,238.16,119.08
132,Stocks,BHKLY,BOC HONG KONG HLDGS LTD SPONSORED ADR (BHKLY),0.21,114.59,24.06,Assigned,A,0.21,0,0,0.0,24.06,0.0,0.0
133,Stocks,BA,BOEING CO (BA),4.46,227.53,1014.78,Split 40/40/20,,1.784,1.784,0.892,0.0,405.91,405.91,202.96
134,Stocks,BKNG,BOOKING HOLDINGS INC COM (BKNG),0.12,4239.35,508.72,Split 40/40/20,,0.048,0.048,0.024,0.0,203.49,203.49,101.74
135,Stocks,BAH,BOOZ ALLEN HAMILTON HLDG CORP CL A (BAH),0.49,78.83,38.62,Split 40/40/20,,0.196,0.196,0.098,0.0,15.45,15.45,7.73
136,Stocks,BWA,BORG WARNER INC COM USD0.01 (BWA),13.52,57.57,778.34,Split 40/40/20,,5.408,5.408,2.704,-0.0,311.34,311.34,155.67
137,Stocks,BSX,BOSTON SCIENTIFIC CORP (BSX),4.11,76.85,315.85,Split 40/40/20,,1.644,1.644,0.822,0.0,126.34,126.34,63.17
138,Stocks,BXBLY,BRAMBLES LTD SPON ADR EACH REP 2 ORD SHS (BXBLY),0.87,35.59,30.96,Assigned,H,0,0.87,0,0.0,0.0,30.96,0.0
139,Stocks,EAT,BRINKER INTERNATIONAL INC (EAT),0.29,148.2,42.97,Split 40/40/20,,0.116,0.116,0.058,-0.0,17.19,17.19,8.6
140,Stocks,BMY,BRISTOL-MYERS SQUIBB CO COM (BMY),5.53,62.37,344.9,Split 40/40/20,,2.212,2.212,1.106,0.0,137.96,137.96,68.98
141,Stocks,BTI,BRITISH AMERICAN TOBACCO LVL II ADR EACH REP 1 ORD GBP0.25 BNY (BTI),0.88,62.65,55.13,Assigned,A,0.88,0,0,0.0,55.13,0.0,0.0
142,Stocks,AVGO,BROADCOM INC COM (AVGO),11.15,319.55,3562.98,Split 40/40/20,,4.46,4.46,2.23,0.0,1425.19,1425.19,712.6
143,Stocks,BURL,BURLINGTON STORES INC (BURL),2.07,306.87,635.22,Split 40/40/20,,0.828,0.828,0.414,0.0,254.09,254.09,127.04
144,Stocks,CBRE,CBRE GROUP INC COM USD0.01 CLASS A (CBRE),2.52,147.66,372.1,Split 40/40/20,,1.008,1.008,0.504,0.0,148.84,148.84,74.42
145,Stocks,CHRW,CH ROBINSON WORLDWIDE INC COM USD0.10 (CHRW),1.13,185.25,209.33,Split 40/40/20,,0.452,0.452,0.226,-0.0,83.73,83.73,41.87
146,Stocks,CI,THE CIGNA GROUP COM (CI),0.328,289.82,95.06,Split 40/40/20,,0.131,0.131,0.066,0.0,37.97,37.97,19.13
147,Stocks,CKHUY,CK HUTCHISON HOLDINGS LIMITED UNSP ADR EACH REPR 1 ORD (CKHUY),2.42,8.19,19.81,Assigned,E,0,0,2.42,0.0,0.0,0.0,19.82
148,Stocks,CSX,CSX CORP COM USD1 (CSX),9.37,42.69,400.0,Split 40/40/20,,3.748,3.748,1.874,-0.0,160.0,160.0,80.0
149,Stocks,CVS,CVS HEALTH CORPORATION COM USD0.01 (CVS),12.28,79.9,981.17,Split 40/40/20,,4.912,4.912,2.456,0.0,392.47,392.47,196.23
150,Stocks,CAIXY,CAIXABANK SA UNSP ADR EA REPR 1/3 ORD EUR0.00 (CAIXY),8.65,4.09,35.37,Assigned,E,0,0,8.65,0.0,0.0,0.0,35.38
151,Stocks,CCJ,CAMECO CORP COM NPV ISIN #CA13321L1085 SEDOL #2166160 (CCJ),2.02,118.4,239.16,Split 40/40/20,,0.808,0.808,0.404,0.0,95.67,95.67,47.83
152,Stocks,CP,CANADIAN PAC KANS CITY LTD ISIN #CA13646K1084 SEDOL #BMBQR09 (CP),0.35,87.59,30.65,Split 40/40/20,,0.14,0.14,0.07,-0.0,12.26,12.26,6.13
153,Stocks,CGEMY,CAPGEMINI UNSPON ADR EACH REPR 0.2 ORD SHS (CGEMY),1.24,25.25,31.31,Assigned,A,1.24,0,0,0.0,31.31,0.0,0.0
154,Stocks,COF,CAPITAL ONE FINANCIAL CORP COM USD0.01 (COF),2.657,195.64,519.81,Split 40/40/20,,1.063,1.063,0.531,0.0,207.97,207.97,103.88
155,Stocks,CAH,CARDINAL HEALTH INC COM NPV (CAH),2.49,229.23,570.78,Split 40/40/20,,0.996,0.996,0.498,0.0,228.31,228.31,114.16
156,Stocks,CABGY,CARLSBERG AS SPONSORED ADR(CABGY),0.64,31.1,19.9,Assigned,E,0,0,0.64,0.0,0.0,0.0,19.9
157,Stocks,CG,CARLYLE GROUP INC COM (CG),5.07,51.99,263.58,Split 40/40/20,,2.028,2.028,1.014,0.0,105.44,105.44,52.72
158,Stocks,CCL,CARNIVAL CORP COM USD0.01 (CCL),6.03,31.55,190.24,Split 40/40/20,,2.412,2.412,1.206,0.0,76.1,76.1,38.05
159,Stocks,CARR,CARRIER GLOBAL CORPORATION COM (CARR),1.42,64.4,91.44,Split 40/40/20,,0.568,0.568,0.284,0.0,36.58,36.58,18.29
160,Stocks,CVNA,CARVANA CO CL A (CVNA),0.515,334.16,172.09,Split 40/40/20,,0.206,0.206,0.103,0.0,68.84,68.84,34.42
161,Stocks,CAT,CATERPILLAR INC COM (CAT),0.97,742.83,720.54,Split 40/40/20,,0.388,0.388,0.194,0.0,288.22,288.22,144.11
162,Stocks,CLS,CELESTICA INC COM NPV ISIN #CA15101Q2071 SEDOL #BSCB6L9 (CLS),1.46,277.63,405.33,Split 40/40/20,,0.584,0.584,0.292,0.0,162.14,162.14,81.07
163,Stocks,CJPRY,CENTRAL JAPAN RY CO UNSPON ADR (CJPRY),2.53,14.711,37.21,Assigned,A,2.53,0,0,0.0,37.22,0.0,0.0
164,Stocks,CVX,CHEVRON CORP NEW COM (CVX),0.26,186.76,48.55,Split 40/40/20,,0.104,0.104,0.052,0.0,19.42,19.42,9.71
165,Stocks,CMG,CHIPOTLE MEXICAN GRILL INC (CMG),21.23,37.22,790.18,Split 40/40/20,,8.492,8.492,4.246,-0.0,316.07,316.07,158.04
166,Stocks,CHGCY,CHUGAI PHARMACEUTICAL CO UNSPN ADS EACH REP 0.5 ORD SHS (CHGCY),1.2,33.61,40.33,Assigned,H,0,1.2,0,0.0,0.0,40.33,0.0
167,Stocks,CHD,CHURCH &DWIGHT CO INC COM (CHD),6.59,104.86,691.02,Split 40/40/20,,2.636,2.636,1.318,0.0,276.41,276.41,138.21
168,Stocks,CSCO,CISCO SYSTEMS INC (CSCO),13.85,79.46,1100.52,Split 40/40/20,,5.54,5.54,2.77,0.0,440.21,440.21,220.1
169,Stocks,CRUS,CIRRUS LOGIC INC (CRUS),1.37,141.12,193.33,Split 40/40/20,,0.548,0.548,0.274,0.0,77.33,77.33,38.67
170,Stocks,CTAS,CINTAS CORP (CTAS),1.14,201.13,229.28,Split 40/40/20,,0.456,0.456,0.228,-0.0,91.72,91.72,45.86
171,Stocks,C,CITIGROUP INC (C),18.08,110.19,1992.23,Split 40/40/20,,7.232,7.232,3.616,-0.0,796.89,796.89,398.45
172,Stocks,CFG,CITIZENS FINL GROUP INC COM (CFG),8.23,60.19,495.36,Split 40/40/20,,3.292,3.292,1.646,0.0,198.15,198.15,99.07
173,Stocks,NET,CLOUDFLARE INC CL A COM (NET),1.26,172.19,216.95,Split 40/40/20,,0.504,0.504,0.252,0.0,86.78,86.78,43.39
174,Stocks,KO,COCA-COLA CO (KO),12.8,81.56,1043.96,Split 40/40/20,,5.12,5.12,2.56,0.0,417.59,417.59,208.79
175,Stocks,CTSH,COGNIZANT TECHNOLOGY SOLUTIONS CORP COM CL A USD0.01 (CTSH),3.02,64.43,194.57,Split 40/40/20,,1.208,1.208,0.604,0.0,77.83,77.83,38.92
176,Stocks,CL,COLGATE-PALMOLIVE CO COM (CL),3.64,99.14,360.86,Split 40/40/20,,1.456,1.456,0.728,0.0,144.35,144.35,72.17
177,Stocks,CMCSA,COMCAST CORP (CMCSA),3.55,30.96,109.9,Split 40/40/20,,1.42,1.42,0.71,0.0,43.96,43.96,21.98
178,Stocks,CODYY,COMPAGNIE DE ST-GOBAIN UNSP ADR EACH REPR 0.2 ORD (CODYY),2.77,20.31,56.25,Assigned,H,0,2.77,0,0.0,0.0,56.26,0.0
179,Stocks,CFRUY,COMPAGNIE FINANCIERE RICHEMONT SA. SPON ADR EACH REPR 0.1 ORD (CFRUY),2.26,20.3,45.87,Assigned,H,0,2.26,0,0.0,0.0,45.88,0.0
180,Stocks,CMPGY,COMPASS GROUP PLC SPON ADR EACH REP 1 ORD SHS (POST SPLT) (CMPGY),0.51,30.72,15.66,Assigned,A,0.51,0,0,0.0,15.67,0.0,0.0
181,Stocks,CAG,CONAGRA BRANDS INC (CAG),5.17,19.25,99.52,Split 40/40/20,,2.068,2.068,1.034,0.0,39.81,39.81,19.9
182,Stocks,COP,CONOCOPHILLIPS COM (COP),5.99,113.46,679.62,Split 40/40/20,,2.396,2.396,1.198,0.0,271.85,271.85,135.93
183,Stocks,ED,CONSOLIDATED EDISON INC COM USD0.10 (ED),1.98,112.52,222.78,Split 40/40/20,,0.792,0.792,0.396,0.0,89.12,89.12,44.56
184,Stocks,CPAY,CORPAY INC COM SHS (CPAY),1.64,325.1,533.16,Split 40/40/20,,0.656,0.656,0.328,-0.0,213.27,213.27,106.63
185,Stocks,CTVA,CORTEVA INC COM (CTVA),5.46,80.12,437.45,Split 40/40/20,,2.184,2.184,1.092,-0.0,174.98,174.98,87.49
186,Stocks,COST,COSTCO WHOLESALE CORP COM (COST),0.42,1010.79,424.53,Split 40/40/20,,0.168,0.168,0.084,-0.0,169.81,169.81,84.91
187,Stocks,CRWD,CROWDSTRIKE HLDGS INC CL A (CRWD),0.31,371.98,115.31,Split 40/40/20,,0.124,0.124,0.062,0.0,46.13,46.13,23.06
188,Stocks,CMI,CUMMINS INC (CMI),0.43,583.87,251.06,Split 40/40/20,,0.172,0.172,0.086,0.0,100.43,100.43,50.21
189,Stocks,DHI,DR HORTON INC COM STK USD0.01 (DHI),0.93,160.39,149.16,Split 40/40/20,,0.372,0.372,0.186,0.0,59.67,59.67,29.83
190,Stocks,DNBBY,DNB BANK ASA SPON ADR EACH REP 1 ORD SHS (DNBBY),0.84,31.58,26.52,Assigned,H,0,0.84,0,0.0,0.0,26.53,0.0
191,Stocks,DKILY,DAIKIN INDUSTRIES UNSP ADS EACH REP 0.1 ORD SHS (DKILY),1.07,12.7,13.58,Assigned,H,0,1.07,0,0.0,0.0,13.59,0.0
192,Stocks,MBGYY,MERCEDES-BENZ GROUP AG UNSP ADR EACH REP 0.25 ORD SHS (MBGYY),1.3,17.33,22.52,Assigned,A,1.3,0,0,0.0,22.53,0.0,0.0
193,Stocks,DHR,DANAHER CORPORATION COM (DHR),3.01,210.64,634.02,Split 40/40/20,,1.204,1.204,0.602,0.0,253.61,253.61,126.81
194,Stocks,DANOY,DANONE SPONSORED FRANCE ADR (DANOY),2.65,17.15,45.44,Assigned,E,0,0,2.65,0.0,0.0,0.0,45.45
195,Stocks,DNKEY,DANSKE BANK A/S SPON ADR EACH REP 0.5 ORD SHS (DNKEY),0.82,26.09,21.39,Assigned,H,0,0.82,0,0.0,0.0,21.39,0.0
196,Stocks,DDOG,DATADOG INC CL A COM (DDOG),1.84,111.96,206.0,Split 40/40/20,,0.736,0.736,0.368,0.0,82.4,82.4,41.2
197,Stocks,DECK,DECKERS OUTDOOR CORP (DECK),0.44,117.27,51.59,Split 40/40/20,,0.176,0.176,0.088,0.0,20.64,20.64,10.32
198,Stocks,DE,DEERE & CO (DE),0.65,629.71,409.31,Split 40/40/20,,0.26,0.26,0.13,0.0,163.72,163.72,81.86
199,Stocks,DELL,DELL TECHNOLOGIES INC CL C (DELL),1.98,148.08,293.19,Split 40/40/20,,0.792,0.792,0.396,0.0,117.28,117.28,58.64
200,Stocks,DAL,DELTA AIR LINES INC (DAL),3.97,65.7,260.82,Split 40/40/20,,1.588,1.588,0.794,0.0,104.33,104.33,52.17
201,Stocks,DNZOY,DENSO ADR (DNZOY),2.07,14.28,29.55,Assigned,E,0,0,2.07,0.0,0.0,0.0,29.56
202,Stocks,DBOEY,DEUTSCHE BOERSE AG UNSPONSORD ADR(DBOEY),0.63,27.35,17.23,Assigned,A,0.63,0,0,0.0,17.23,0.0,0.0
203,Stocks,DTEGY,DEUTSCHE TELEKOM ADR (DTEGY),2.37,40.28,95.46,Assigned,H,0,2.37,0,0.0,0.0,95.46,0.0
204,Stocks,DHLGY,DEUTSCHE POST ADR (DHLGY),0.57,58.92,33.58,Assigned,H,0,0.57,0,0.0,0.0,33.58,0.0
205,Stocks,DEO,DIAGEO ADR REP 4 ORD (DEO),0.54,89.5,48.33,Assigned,A,0.54,0,0,0.0,48.33,0.0,0.0
206,Stocks,DKS,DICK S SPORTING GOODS INC (DKS),0.44,203.63,89.59,Split 40/40/20,,0.176,0.176,0.088,0.0,35.84,35.84,17.92
207,Stocks,DIS,DISNEY WALT CO COM (DIS),7.18,106.04,761.36,Split 40/40/20,,2.872,2.872,1.436,0.0,304.55,304.55,152.27
208,Stocks,DLTR,DOLLAR TREE INC (DLTR),1.08,126.48,136.59,Split 40/40/20,,0.432,0.432,0.216,0.0,54.64,54.64,27.32
209,Stocks,DASH,DOORDASH INC CL A(DASH),0.33,176.47,58.23,Split 40/40/20,,0.132,0.132,0.066,0.0,23.29,23.29,11.65
210,Stocks,DOV,DOVER CORP COM USD1.00 (DOV),0.56,225.5,126.28,Split 40/40/20,,0.224,0.224,0.112,0.0,50.51,50.51,25.26
211,Stocks,DOW,DOW INC COM (DOW),1.77,30.73,54.39,Split 40/40/20,,0.708,0.708,0.354,0.0,21.76,21.76,10.88
212,Stocks,DKNG,DRAFTKINGS INC NEW COM CL A (DKNG),1.31,23.84,31.23,Split 40/40/20,,0.524,0.524,0.262,0.0,12.49,12.49,6.25
213,Stocks,DSDVY,DSV A S UNSPONSORED ADR (DSDVY),0.64,128.83,82.45,Assigned,A,0.64,0,0,0.0,82.45,0.0,0.0
214,Stocks,EOG,EOG RESOURCES INC (EOG),4.2,124.08,521.13,Split 40/40/20,,1.68,1.68,0.84,0.0,208.45,208.45,104.23
215,Stocks,EONGY,E ON SE SPONSORED GERMANY ADR (EONGY),1.86,23.28,43.3,Assigned,H,0,1.86,0,0.0,0.0,43.3,0.0
216,Stocks,EQT,EQT CORP COM (EQT),3.29,61.42,202.07,Split 40/40/20,,1.316,1.316,0.658,0.0,80.83,80.83,40.41
217,Stocks,EBAY,EBAY INC. COM (EBAY),3.68,90.86,334.36,Split 40/40/20,,1.472,1.472,0.736,0.0,133.75,133.75,66.87
218,Stocks,ECL,ECOLAB INC (ECL),1.06,308.35,326.85,Split 40/40/20,,0.424,0.424,0.212,0.0,130.74,130.74,65.37
219,Stocks,EW,EDWARDS LIFESCIENCES CORP (EW),3.84,86.47,332.04,Split 40/40/20,,1.536,1.536,0.768,0.0,132.82,132.82,66.41
220,Stocks,ELAN,ELANCO ANIMAL HEALTH INC COM (ELAN),28.23,26.4,745.27,Split 40/40/20,,11.292,11.292,5.646,0.0,298.11,298.11,149.05
221,Stocks,EMR,EMERSON ELECTRIC CO (EMR),1.58,150.75,238.18,Split 40/40/20,,0.632,0.632,0.316,0.0,95.27,95.27,47.64
222,Stocks,ENLAY,ENEL SOCIETA PER AZIONI UNSPONSO ADR(ENLAY),4.42,11.99,52.99,Assigned,A,4.42,0,0,0.0,53.0,0.0,0.0
223,Stocks,ENGIY,ENGIE SPON ADR EACH REPR 1 SHARE (ENGIY),1.9,33.95,64.5,Assigned,H,0,1.9,0,0.0,0.0,64.5,0.0
224,Stocks,ETR,ENTERGY CORP (ETR),1.2,107.11,128.53,Split 40/40/20,,0.48,0.48,0.24,0.0,51.41,51.41,25.71
225,Stocks,EPOAY,EPIROC AB SPON ADS EACH REP 1 COM CL A (EPOAY),1.07,29.92,32.01,Assigned,A,1.07,0,0,0.0,32.01,0.0,0.0
226,Stocks,EFX,EQUIFAX INC COM USD1.25 (EFX),0.211,208.96,44.09,Split 40/40/20,,0.084,0.084,0.042,0.001,17.55,17.55,8.78
227,Stocks,EQNR,EQUINOR ASA SPON ADR EACH REP 1 ORD SHS (EQNR),0.76,29.83,22.67,Assigned,E,0,0,0.76,0.0,0.0,0.0,22.67
228,Stocks,ERIC,ERICSSON(L.M.)(TELEF ONAKTIEBOLAGET) ADR EACH REP 1 ORD B SEK1 (ERIC),1.37,11.6,15.89,Assigned,H,0,1.37,0,0.0,0.0,15.89,0.0
229,Stocks,ESLOY,ESSILOR LUXOTTICA UNSPONSORED ADR (ESLOY),0.31,133.0,41.23,Assigned,H,0,0.31,0,0.0,0.0,41.23,0.0
230,Stocks,ES,EVERSOURCE ENERGY (ES),2.507,76.21,191.05,Split 40/40/20,,1.003,1.003,0.501,0.0,76.44,76.44,38.18
231,Stocks,EVVTY,EVOLUTION AB ADR(EVVTY),0.22,60.48,13.3,Assigned,H,0,0.22,0,0.0,0.0,13.31,0.0
232,Stocks,EXC,EXELON CORP COM NPV (EXC),1.55,49.47,76.67,Split 40/40/20,,0.62,0.62,0.31,0.0,30.67,30.67,15.34
233,Stocks,EXEL,EXELIXIS INC COM USD0.001 (EXEL),2.18,44.06,96.05,Split 40/40/20,,0.872,0.872,0.436,0.0,38.42,38.42,19.21
234,Stocks,EXPD,EXPEDITORS INTERNATIONAL OF WASHINGTON INC (EXPD),1.6,145.03,232.04,Split 40/40/20,,0.64,0.64,0.32,0.0,92.82,92.82,46.41
235,Stocks,XOM,EXXON MOBIL CORP COM (XOM),13.67,152.5,2084.67,Split 40/40/20,,5.468,5.468,2.734,0.0,833.87,833.87,416.94
236,Stocks,FNB,F N B CORP COM (FNB),32.06,16.99,544.69,Split 40/40/20,,12.824,12.824,6.412,0.0,217.88,217.88,108.94
237,Stocks,META,META PLATFORMS INC CLASS A COMMON STOCK (META),7.95,648.18,5153.03,Split 40/40/20,,3.18,3.18,1.59,0.0,2061.21,2061.21,1030.61
238,Stocks,FANUY,FANUC CORPORATION UNSP ADR EACH REP 0.50 ORD NPV (FANUY),1.94,22.65,43.94,Assigned,E,0,0,1.94,0.0,0.0,0.0,43.94
239,Stocks,FRCOY,FAST RETAILING CO LTD UNSPONSORD ADR(FRCOY),0.45,44.15,19.86,Assigned,H,0,0.45,0,0.0,0.0,19.87,0.0
240,Stocks,FAST,FASTENAL COM STK USD0.01 (FAST),5.74,46.04,264.26,Split 40/40/20,,2.296,2.296,1.148,0.0,105.71,105.71,52.85
241,Stocks,FDX,FEDEX CORP COM USD0.10 (FDX),1.05,387.0,406.35,Split 40/40/20,,0.42,0.42,0.21,0.0,162.54,162.54,81.27
242,Stocks,FERG,FERGUSON ENTERPRISES INC COM (FERG),0.82,260.76,213.82,Split 40/40/20,,0.328,0.328,0.164,-0.0,85.53,85.53,42.76
243,Stocks,FIS,FIDELITY NATL INFORMATION SERVICES COM USD0.01 (FIS),5.73,50.96,292.0,Split 40/40/20,,2.292,2.292,1.146,0.0,116.8,116.8,58.4
244,Stocks,FCNCA,FIRST CITIZENS BANCSHARES INC (DELAWARE) (FCNCA),0.114,1898.15,216.38,Split 40/40/20,,0.046,0.046,0.023,-0.001,87.31,87.31,43.66
245,Stocks,FSLR,FIRST SOLAR INC (FSLR),0.54,197.2,106.48,Split 40/40/20,,0.216,0.216,0.108,0.0,42.6,42.6,21.3
246,Stocks,FE,FIRSTENERGY CORP COM USD0.10 (FE),3.64,51.16,186.22,Split 40/40/20,,1.456,1.456,0.728,0.0,74.49,74.49,37.24
247,Stocks,FIVE,FIVE BELOW INC (FIVE),1.17,223.53,261.53,Split 40/40/20,,0.468,0.468,0.234,-0.0,104.61,104.61,52.31
248,Stocks,FSUGY,FORTESCUE LTD SPON ADR EACH REP 2 ORD SHS (FSUGY),0.68,29.81,20.27,Assigned,A,0.68,0,0,0.0,20.27,0.0,0.0
249,Stocks,FTNT,FORTINET INC COM USD0.001 (FTNT),1.01,79.03,79.82,Split 40/40/20,,0.404,0.404,0.202,0.0,31.93,31.93,15.96
250,Stocks,FOXA,FOX CORP CL A COM (FOXA),6.47,56.34,364.51,Split 40/40/20,,2.588,2.588,1.294,-0.0,145.81,145.81,72.9
251,Stocks,FNV,FRANCO NEV CORP COM ISIN #CA3518581051 SEDOL #B29NF31 (FNV),0.09,280.61,25.25,Split 40/40/20,,0.036,0.036,0.018,0.0,10.1,10.1,5.05
252,Stocks,FSNUY,FRESENIUS SE&CO KGAA SPON ADR EA REP 0.25 ORD SHS (FSNUY),1.6,15.1,24.16,Assigned,H,0,1.6,0,0.0,0.0,24.16,0.0
253,Stocks,FUJIY,FUJIFILM HOLDINGS ADR (FUJIY),3.99,10.26,40.93,Assigned,H,0,3.99,0,0.0,0.0,40.94,0.0
254,Stocks,FJTSY,FUJITSU UNSP ADR EACH REP 0.2 ORD SHS (FJTSY),2.04,22.12,45.12,Assigned,A,2.04,0,0,0.0,45.12,0.0,0.0
255,Stocks,AJG,ARTHUR J. GALLAGHER & CO. ISIN #US3635761097 SEDOL #BD1QWJ0 (AJG),3.61,228.2,823.8,Split 40/40/20,,1.444,1.444,0.722,0.0,329.52,329.52,164.76
256,Stocks,GEV,GE VERNOVA INC COM (GEV),0.288,873.6,251.59,Split 40/40/20,,0.115,0.115,0.058,-0.0,100.46,100.46,50.67
257,Stocks,GE,GE AEROSPACE COM NEW (GE),1.05,342.26,359.37,Split 40/40/20,,0.42,0.42,0.21,0.0,143.75,143.75,71.87
258,Stocks,GIS,GENERAL MILLS INC COM USD0.10 (GIS),2.66,45.23,120.31,Split 40/40/20,,1.064,1.064,0.532,0.0,48.12,48.12,24.06
259,Stocks,GM,GENERAL MTRS CO COM (GM),12.7,78.71,999.61,Split 40/40/20,,5.08,5.08,2.54,0.0,399.85,399.85,199.92
260,Stocks,GMAB,GENMAB AS SPON ADS EACH REP 0.1 ORD SHS (GMAB),0.62,29.44,18.25,Assigned,A,0.62,0,0,0.0,18.25,0.0,0.0
261,Stocks,GPC,GENUINE PARTS CO COM USD1.00 (GPC),1.64,119.26,195.58,Split 40/40/20,,0.656,0.656,0.328,-0.0,78.23,78.23,39.12
262,Stocks,GILD,GILEAD SCIENCES INC COM USD0.001 (GILD),9.82,148.95,1462.68,Split 40/40/20,,3.928,3.928,1.964,0.0,585.08,585.08,292.54
263,Stocks,GSK,GSK PLC SPON ADS EACH REP 2 ORD SHS (GSK),7.23,59.13,427.5,Assigned,A,7.23,0,0,0.0,427.51,0.0,0.0
264,Stocks,GLNCY,GLENCORE PLC UNSPONSORD ADR(GLNCY),6.12,14.34,87.76,Assigned,E,0,0,6.12,0.0,0.0,0.0,87.76
265,Stocks,GWW,GRAINGER W W INC COM (GWW),0.18,1144.73,206.05,Split 40/40/20,,0.072,0.072,0.036,0.0,82.42,82.42,41.21
266,Stocks,GFF,GRIFFON CORP (GFF),1.54,85.24,131.26,Split 40/40/20,,0.616,0.616,0.308,0.0,52.51,52.51,26.25
267,Stocks,HCA,HCA HEALTHCARE INC COM (HCA),0.77,529.7,407.86,Split 40/40/20,,0.308,0.308,0.154,0.0,163.15,163.15,81.57
268,Stocks,HSBC,HSBC HLDGS PLC SPON ADR NEW (HSBC),1.01,93.16,94.09,Assigned,E,0,0,1.01,0.0,0.0,0.0,94.09
269,Stocks,HAL,HALLIBURTON CO COM USD2.50 (HAL),11.51,36.0,414.36,Split 40/40/20,,4.604,4.604,2.302,0.0,165.74,165.74,82.87
270,Stocks,HIG,"THE HARTFORD INSURANCE GROUP, INC. COMMON STOCK (HIG)",3.88,140.83,546.42,Split 40/40/20,,1.552,1.552,0.776,0.0,218.57,218.57,109.28
271,Stocks,HDLMY,HEIDELBERG MATERIALS SPON ADS EACH REP 0.20 ORD SHS (HDLMY),0.51,44.66,22.77,Assigned,E,0,0,0.51,0.0,0.0,0.0,22.78
272,Stocks,HEINY,HEINEKEN NV SPONSORED ADR L1 (HEINY),1.11,46.22,51.3,Assigned,A,1.11,0,0,0.0,51.3,0.0,0.0
273,Stocks,HXGBY,HEXAGON AB ADR EACH REPR 1 ORD SHS (HXGBY),1.84,11.285,20.76,Assigned,H,0,1.84,0,0.0,0.0,20.76,0.0
274,Stocks,HLT,HILTON WORLDWIDE HLDGS INC (HLT),0.35,311.78,109.12,Assigned,E,0,0,0.35,0.0,0.0,0.0,109.12
275,Stocks,HTHIY,HITACHI ADR EACH REPR 2 ORD NPV (HTHIY),3.64,33.37,121.46,Assigned,H,0,3.64,0,0.0,0.0,121.47,0.0
276,Stocks,HD,HOME DEPOT INC (HD),1.08,380.72,411.17,Split 40/40/20,,0.432,0.432,0.216,0.0,164.47,164.47,82.24
277,Stocks,HON,HONEYWELL INTERNATIONAL INC COM USD1 (HON),0.4,243.59,97.43,Split 40/40/20,,0.16,0.16,0.08,0.0,38.97,38.97,19.49
278,Stocks,HKXCY,HONG KONG EXCHANGES & CLEARING UNSP ADR EACH REPR 1 ORD (HKXCY),0.49,53.93,26.42,Assigned,H,0,0.49,0,0.0,0.0,26.43,0.0
279,Stocks,HOPE,HOPE BANCORP INC COM (HOPE),13.08,11.26,147.28,Split 40/40/20,,5.232,5.232,2.616,0.0,58.91,58.91,29.46
280,Stocks,HWM,HOWMET AEROSPACE INC COM (HWM),1.59,262.53,417.42,Split 40/40/20,,0.636,0.636,0.318,0.0,166.97,166.97,83.48
281,Stocks,HOCPY,HOYA ADR (HOCPY),0.18,180.16,32.42,Assigned,E,0,0,0.18,0.0,0.0,0.0,32.43
282,Stocks,HUBB,HUBBELL INC COM (HUBB),0.09,511.63,46.04,Split 40/40/20,,0.036,0.036,0.018,0.0,18.42,18.42,9.21
283,Stocks,HII,HUNTINGTON INGALLS INDUSTRIES INC (HII),0.46,444.52,204.47,Split 40/40/20,,0.184,0.184,0.092,0.0,81.79,81.79,40.9
284,Stocks,IBDRY,IBERDROLA SA SPON ADR EACH REP 4 ORD (IBDRY),0.4,94.5,37.8,Assigned,A,0.4,0,0,0.0,37.8,0.0,0.0
285,Stocks,IDXX,IDEXX LABORATORIES INC COM USD0.10 (IDXX),0.52,656.73,341.49,Split 40/40/20,,0.208,0.208,0.104,0.0,136.6,136.6,68.3
286,Stocks,ILMN,ILLUMINA INC COM USD0.01 (ILMN),2.08,134.46,279.67,Split 40/40/20,,0.832,0.832,0.416,0.0,111.87,111.87,55.94
287,Stocks,IMBBY,IMPERIAL BRANDS PLC SPON ADR EACH REPR 1 ORD SH (IMBBY),1.0,44.83,44.83,Assigned,A,1.0,0,0,0.0,44.83,0.0,0.0
288,Stocks,IMO,IMPERIAL OIL COM NPV ISIN #CA4530384086 SEDOL #2454241 (IMO),1.85,117.3,217.0,Split 40/40/20,,0.74,0.74,0.37,0.0,86.8,86.8,43.4
289,Stocks,INCY,INCYTE CORP (INCY),1.75,101.27,177.22,Split 40/40/20,,0.7,0.7,0.35,0.0,70.89,70.89,35.44
290,Stocks,IDEXY,INDITEX (IND.DE DISENO TEXTIL SA) UNSP ADR EACH REP 0.50 ORD (IDEXY),1.53,16.72,25.58,Assigned,A,1.53,0,0,0.0,25.58,0.0,0.0
291,Stocks,ING,ING GROEP N.V. SPONSORED ADR(ING),1.93,28.77,55.52,Assigned,A,1.93,0,0,0.0,55.53,0.0,0.0
292,Stocks,IR,INGERSOLL RAND INC COM (IR),2.31,94.14,217.46,Split 40/40/20,,0.924,0.924,0.462,0.0,86.99,86.99,43.49
293,Stocks,INGR,INGREDION INC COM USD0.01 (INGR),0.67,117.46,78.69,Split 40/40/20,,0.268,0.268,0.134,0.0,31.48,31.48,15.74
294,Stocks,INTC,INTEL CORP COM USD0.001 (INTC),4.71,45.61,214.82,Split 40/40/20,,1.884,1.884,0.942,0.0,85.93,85.93,42.96
295,Stocks,ICE,INTERCONTINENTAL EXCHANGE INC COM USD0.01 (ICE),1.62,164.13,265.89,Split 40/40/20,,0.648,0.648,0.324,0.0,106.36,106.36,53.18
296,Stocks,IBM,INTERNATIONAL BUS MACH CORP COM USD0.20 (IBM),0.97,240.21,233.0,Split 40/40/20,,0.388,0.388,0.194,0.0,93.2,93.2,46.6
297,Stocks,ISNPY,INTESA SANPAOLO S.P.A. SPON ADR EACH REP 6 ORD SHS (ISNPY),0.94,41.05,38.58,Assigned,A,0.94,0,0,0.0,38.59,0.0,0.0
298,Stocks,INTU,INTUIT INC (INTU),0.56,409.03,229.05,Split 40/40/20,,0.224,0.224,0.112,0.0,91.62,91.62,45.81
299,Stocks,IQV,IQVIA HLDGS INC COM (IQV),2.6,178.81,464.9,Split 40/40/20,,1.04,1.04,0.52,0.0,185.96,185.96,92.98
300,Stocks,ISUZY,ISUZU MOTORS ADR (ISUZY),1.19,18.55,22.07,Assigned,H,0,1.19,0,0.0,0.0,22.07,0.0
301,Stocks,ITOCY,ITOCHU ADR REP 2 ORD (ITOCY),4.2,14.41,60.52,Assigned,H,0,4.2,0,0.0,0.0,60.52,0.0
302,Stocks,JPM,JPMORGAN CHASE &CO. COM (JPM),2.403,300.3,721.62,Split 40/40/20,,0.961,0.961,0.481,0.0,288.59,288.59,144.44
303,Stocks,JBL,JABIL INC COM (JBL),1.97,264.99,522.03,Split 40/40/20,,0.788,0.788,0.394,-0.0,208.81,208.81,104.41
304,Stocks,JNJ,JOHNSON &JOHNSON COM (JNJ),8.47,248.43,2104.2,Split 40/40/20,,3.388,3.388,1.694,0.0,841.68,841.68,420.84
305,Stocks,KBCSY,KBC GROEP NV UNSP ADR EA REPR 0.50 ORD SHS (KBCSY),0.56,67.395,37.74,Assigned,H,0,0.56,0,0.0,0.0,37.74,0.0
306,Stocks,KLAC,KLA CORP COM NEW (KLAC),0.5,1524.55,762.27,Split 40/40/20,,0.2,0.2,0.1,0.0,304.91,304.91,152.46
307,Stocks,KKR,KKR &CO INC COM (KKR),2.47,87.68,216.56,Split 40/40/20,,0.988,0.988,0.494,0.0,86.63,86.63,43.31
308,Stocks,KT,KT ADR REP 1/2 ORD (KT),0.74,23.8,17.61,Assigned,E,0,0,0.74,0.0,0.0,0.0,17.61
309,Stocks,KDDIY,KDDI CORPORATION UNSP ADR EACH REPR 0.5 SHS (KDDIY),2.25,17.03,38.31,Assigned,A,2.25,0,0,0.0,38.32,0.0,0.0
310,Stocks,KVUE,KENVUE INC COM (KVUE),2.37,19.12,45.31,Split 40/40/20,,0.948,0.948,0.474,0.0,18.13,18.13,9.06
311,Stocks,PPRUY,KERING UNSPON ADR EA REPR 0.1 ORD EUR0.00 (PPRUY),3.16,33.55,106.01,Assigned,A,3.16,0,0,0.0,106.02,0.0,0.0
312,Stocks,KDP,KEURIG DR PEPPER INC COM (KDP),7.22,30.28,218.62,Split 40/40/20,,2.888,2.888,1.444,0.0,87.45,87.45,43.72
313,Stocks,KEYS,KEYSIGHT TECHNOLOGIES INC COM USD0.01 WD (KEYS),0.23,307.33,70.68,Split 40/40/20,,0.092,0.092,0.046,0.0,28.27,28.27,14.14
314,Stocks,KMB,KIMBERLY-CLARK CORP COM (KMB),0.78,111.44,86.92,Split 40/40/20,,0.312,0.312,0.156,0.0,34.77,34.77,17.38
315,Stocks,KGFHY,KINGFISHER SPON ADR EACH REP 2 ORD SHS (KGFHY),2.74,10.1599,27.83,Assigned,A,2.74,0,0,0.0,27.84,0.0,0.0
316,Stocks,KIGRY,KION GROUP AG UNSP ADR EA REPR 0.25 ORD (KIGRY),0.92,16.91,15.55,Assigned,H,0,0.92,0,0.0,0.0,15.56,0.0
317,Stocks,KMTUY,KOMATSU SPON ADR EACH REP 1 ORD NPV SHS (KMTUY),0.57,48.07,27.39,Assigned,A,0.57,0,0,0.0,27.4,0.0,0.0
318,Stocks,PHG,KONINKLIJKE PHILIPS N V NY REGIS SHS NEW (PHG),1.38,32.0,44.16,Split 40/40/20,,0.552,0.552,0.276,-0.0,17.66,17.66,8.83
319,Stocks,KR,KROGER CO COM USD1.00 (KR),11.36,68.24,775.2,Split 40/40/20,,4.544,4.544,2.272,0.0,310.08,310.08,155.04
320,Stocks,LRLCY,L OREAL UNSPON ADR EACH REP 0.2 ORD SHS (LRLCY),0.34,93.47,31.77,Assigned,H,0,0.34,0,0.0,0.0,31.78,0.0
321,Stocks,LHX,L3HARRIS TECHNOLOGIES INC COM (LHX),1.2,364.54,437.44,Split 40/40/20,,0.48,0.48,0.24,0.0,174.98,174.98,87.49
322,Stocks,LVMUY,LVMH MOET HENNESSY LOUIS VUITTON ADR (LVMUY),0.38,127.7,48.52,Assigned,H,0,0.38,0,0.0,0.0,48.53,0.0
323,Stocks,LRCX,LAM RESEARCH CORP COM NEW (LRCX),3.03,233.89,708.68,Split 40/40/20,,1.212,1.212,0.606,0.0,283.47,283.47,141.74
324,Stocks,LGGNY,LEGAL &GENERAL GROUP PLC SPONSORED ADR (LGGNY),0.9,18.28,16.45,Assigned,A,0.9,0,0,0.0,16.45,0.0,0.0
325,Stocks,LGRDY,LEGRAND SA UNSPON ADR EACH REPR 0.20 ORD (LGRDY),1.78,36.2,64.43,Assigned,E,0,0,1.78,0.0,0.0,0.0,64.44
326,Stocks,LIF,LIFE360 INC COM (LIF),1.77,52.65,93.19,Split 40/40/20,,0.708,0.708,0.354,0.0,37.28,37.28,18.64
327,Stocks,LLY,ELI LILLY &CO COM (LLY),1.71,1051.99,1798.9,Split 40/40/20,,0.684,0.684,0.342,-0.0,719.56,719.56,359.78
328,Stocks,LNC,LINCOLN NATIONAL CORP COM NPV (LNC),3.35,34.3,114.9,Split 40/40/20,,1.34,1.34,0.67,0.0,45.96,45.96,22.98
329,Stocks,LYG,LLOYDS BANKING GROUP ADR 4 ORD (LYG),13.14,5.55,72.92,Assigned,H,0,13.14,0,0.0,0.0,72.93,0.0
330,Stocks,LMT,LOCKHEED MARTIN CORP COM USD1.00 (LMT),0.17,658.08,111.87,Split 40/40/20,,0.068,0.068,0.034,0.0,44.75,44.75,22.37
331,Stocks,LSEGY,LONDON STOCK EXCHANGE GROUP SPON ADS EACH REP 0.25 ORD (LSEGY),1.31,29.95,39.23,Assigned,A,1.31,0,0,0.0,39.23,0.0,0.0
332,Stocks,LOW,LOWES COMPANIES INC COM USD0.50 (LOW),3.68,264.57,973.61,Split 40/40/20,,1.472,1.472,0.736,0.0,389.45,389.45,194.72
333,Stocks,LULU,LULULEMON ATHLETICA INC COM USD0.005 (LULU),0.24,185.17,44.44,Split 40/40/20,,0.096,0.096,0.048,0.0,17.78,17.78,8.89
334,Stocks,LITE,LUMENTUM HLDGS INC COM (LITE),1.32,700.91,925.2,Split 40/40/20,,0.528,0.528,0.264,0.0,370.08,370.08,185.04
335,Stocks,LYFT,LYFT INC CL A COM (LYFT),8.03,13.84,111.13,Split 40/40/20,,3.212,3.212,1.606,-0.0,44.45,44.45,22.23
336,Stocks,MTB,M &T BANK CORP COM USD0.50 (MTB),0.313,216.98,67.91,Split 40/40/20,,0.125,0.125,0.063,0.0,27.12,27.12,13.67
337,Stocks,MGM,MGM RESORTS INTERNATIONAL COM USD0.01 (MGM),7.7,36.86,283.82,Split 40/40/20,,3.08,3.08,1.54,0.0,113.53,113.53,56.76
338,Stocks,M,MACY S INC COM USD0.01 (M),3.84,19.78,75.95,Split 40/40/20,,1.536,1.536,0.768,0.0,30.38,30.38,15.19
339,Stocks,MGA,MAGNA INTL INC COM ISIN #CA5592224011 SEDOL #2554475 (MGA),6.61,63.05,416.76,Split 40/40/20,,2.644,2.644,1.322,0.0,166.7,166.7,83.35
340,Stocks,MPC,MARATHON PETROLEUM CORP COM USD0.01 (MPC),4.67,198.21,925.64,Split 40/40/20,,1.868,1.868,0.934,0.0,370.26,370.26,185.13
341,Stocks,MRSH,MARSH COMMON STOCK (MRSH),1.43,186.74,267.03,Split 40/40/20,,0.572,0.572,0.286,0.0,106.82,106.82,53.41
342,Stocks,MLM,MARTIN MARIETTA MATERIALS INC COM USD0.01 (MLM),0.39,676.57,263.86,Split 40/40/20,,0.156,0.156,0.078,0.0,105.54,105.54,52.77
343,Stocks,MARUY,MARUBENI ADR (MARUY),0.1,380.35,38.03,Assigned,H,0,0.1,0,0.0,0.0,38.04,0.0
344,Stocks,MRVL,MARVELL TECHNOLOGY INC COM (MRVL),3.26,81.69,266.3,Split 40/40/20,,1.304,1.304,0.652,-0.0,106.52,106.52,53.26
345,Stocks,MA,MASTERCARD INCORPORATED CL A (MA),3.25,517.21,1680.93,Split 40/40/20,,1.3,1.3,0.65,0.0,672.37,672.37,336.19
346,Stocks,MCD,MCDONALD S CORP (MCD),3.8,341.06,1296.02,Split 40/40/20,,1.52,1.52,0.76,0.0,518.41,518.41,259.21
347,Stocks,MCK,MCKESSON CORP (MCK),0.154,987.37,152.05,Split 40/40/20,,0.062,0.062,0.031,-0.001,61.22,61.22,30.61
348,Stocks,MRK,MERCK &CO. INC COM (MRK),11.02,123.82,1364.49,Split 40/40/20,,4.408,4.408,2.204,-0.0,545.8,545.8,272.9
349,Stocks,MKKGY,MERCK KGAA SPON ADR EACH REPR 0.2 ORD SHS (MKKGY),0.86,30.42,26.16,Assigned,E,0,0,0.86,0.0,0.0,0.0,26.16
350,Stocks,MET,METLIFE INC COM USD0.01 (MET),0.72,72.07,51.89,Split 40/40/20,,0.288,0.288,0.144,0.0,20.76,20.76,10.38
351,Stocks,MSFT,MICROSOFT CORP (MSFT),22.13,392.74,8691.33,Split 40/40/20,,8.852,8.852,4.426,-0.0,3476.53,3476.53,1738.27
352,Stocks,MU,MICRON TECHNOLOGY INC (MU),2.42,412.37,997.93,Split 40/40/20,,0.968,0.968,0.484,0.0,399.17,399.17,199.59
353,Stocks,MTSUY,MITSUBISHI CORP UNSPONS ADS REP 1 ORD SHS (MTSUY),0.77,33.84,26.05,Assigned,E,0,0,0.77,0.0,0.0,0.0,26.06
354,Stocks,MIELY,MITSUBISHI ELECTRIC ADR (MIELY),0.52,76.19,39.61,Assigned,A,0.52,0,0,0.0,39.62,0.0,0.0
355,Stocks,MITEY,MITSUBISHI ESTATE ADR (MITEY),1.46,33.61,49.07,Assigned,A,1.46,0,0,0.0,49.07,0.0,0.0
356,Stocks,MHVIY,MITSUBISHI HEAVY INDUSTRIES UNSPON ADS EACH REP 2 ORD (MHVIY),0.72,32.0,23.04,Assigned,A,0.72,0,0,0.0,23.04,0.0,0.0
357,Stocks,MUFG,MITSUBISHI UFJ FINANCIAL GROUP INC SPON ADS EACH REP 1 ORD SHS (MUFG),1.89,18.64,35.22,Assigned,H,0,1.89,0,0.0,0.0,35.23,0.0
358,Stocks,MITSY,MITSUI &CO SPON ADR EACH REP 20 ORD SHS (MITSY),0.09,750.54,67.54,Assigned,A,0.09,0,0,0.0,67.55,0.0,0.0
359,Stocks,MFG,MIZUHO FINANCIAL GROUP SPON ADS EACH REPR 0.20 ORD SHS (MFG),3.65,8.87,32.37,Assigned,E,0,0,3.65,0.0,0.0,0.0,32.38
360,Stocks,TAP,MOLSON COORS BEVERAGE CO CL B (TAP),3.36,48.99,164.6,Split 40/40/20,,1.344,1.344,0.672,-0.0,65.84,65.84,32.92
361,Stocks,MDLZ,MONDELEZ INTL INC COM NPV (MDLZ),1.65,61.58,101.6,Split 40/40/20,,0.66,0.66,0.33,-0.0,40.64,40.64,20.32
362,Stocks,MPWR,MONOLITHIC POWER SYSTEMS INC (MPWR),0.37,1142.74,422.81,Split 40/40/20,,0.148,0.148,0.074,0.0,169.13,169.13,84.56
363,Stocks,MNST,MONSTER BEVERAGE CORP NEW COM (MNST),13.22,85.3,1127.66,Split 40/40/20,,5.288,5.288,2.644,0.0,451.07,451.07,225.53
364,Stocks,MCO,MOODYS CORP COM USD0.01 (MCO),0.44,477.59,210.13,Split 40/40/20,,0.176,0.176,0.088,0.0,84.06,84.06,42.03
365,Stocks,MS,MORGAN STANLEY COM USD0.01 (MS),3.87,166.51,644.39,Split 40/40/20,,1.548,1.548,0.774,0.0,257.76,257.76,128.88
366,Stocks,MOS,MOSAIC CO NEW COM (MOS),0.326,27.84,9.07,Split 40/40/20,,0.13,0.13,0.065,0.001,3.62,3.62,1.81
367,Stocks,MLI,MUELLER INDUSTRIES INC (MLI),1.16,117.96,136.83,Split 40/40/20,,0.464,0.464,0.232,-0.0,54.73,54.73,27.37
368,Stocks,MURGY,MUENCHENER RE GROUP ADR (MURGY),4.32,13.13,56.72,Assigned,E,0,0,4.32,0.0,0.0,0.0,56.72
369,Stocks,MRAAY,MURATA MANUFACTURING CO UNSP ADR EACH REP 0.5 ORD (MRAAY),3.5,13.09,45.81,Assigned,H,0,3.5,0,0.0,0.0,45.81,0.0
370,Stocks,NRG,NRG ENERGY INC (NRG),0.85,178.96,152.11,Split 40/40/20,,0.34,0.34,0.17,-0.0,60.85,60.85,30.42
371,Stocks,NVR,NVR INC COM USD0.01 (NVR),0.01,7517.79,75.17,Split 40/40/20,,0.004,0.004,0.002,0.0,30.07,30.07,15.04
372,Stocks,NDAQ,NASDAQ INC COM STK (NDAQ),3.79,87.58,331.92,Split 40/40/20,,1.516,1.516,0.758,0.0,132.77,132.77,66.39
373,Stocks,NGG,NATIONAL GRID SPON ADR EACH REP 5 ORD SHS POST SPLT (NGG),4.81,93.77,451.03,Assigned,H,0,4.81,0,0.0,0.0,451.03,0.0
374,Stocks,NWG,NATWEST GROUP PLC SPON ADR EACH REPR 2 ORD SHS (NWG),4.43,16.6,73.53,Assigned,A,4.43,0,0,0.0,73.54,0.0,0.0
375,Stocks,NSRGY,NESTLE ADR (NSRGY),0.67,109.04,73.05,Assigned,H,0,0.67,0,0.0,0.0,73.06,0.0
376,Stocks,NFLX,NETFLIX INC (NFLX),8.96,96.24,862.31,Split 40/40/20,,3.584,3.584,1.792,0.0,344.92,344.92,172.46
377,Stocks,NEM,NEWMONT CORP COM ISIN #US6516391066 SEDOL #BJYKTV2 (NEM),3.56,130.0,462.8,Split 40/40/20,,1.424,1.424,0.712,0.0,185.12,185.12,92.56
378,Stocks,NXST,NEXSTAR MEDIA GROUP INC COMMON STOCK (NXST),0.43,251.02,107.93,Split 40/40/20,,0.172,0.172,0.086,0.0,43.18,43.18,21.59
379,Stocks,NEE,NEXTERA ENERGY INC COM USD0.01 (NEE),13.85,93.77,1298.71,Split 40/40/20,,5.54,5.54,2.77,0.0,519.49,519.49,259.74
380,Stocks,NKE,NIKE INC CLASS B COM NPV (NKE),4.75,62.18,295.35,Split 40/40/20,,1.9,1.9,0.95,0.0,118.14,118.14,59.07
381,Stocks,NTDOY,NINTENDO CO LTD UNSP ADS EACH REP 0.25 ORD SHS (NTDOY),3.02,14.06,42.46,Assigned,H,0,3.02,0,0.0,0.0,42.46,0.0
382,Stocks,NOK,NOKIA OYJ ADR EACH REPR 1 ORD NPV (NOK),3.25,7.72,25.09,Assigned,E,0,0,3.25,0.0,0.0,0.0,25.09
383,Stocks,NMR,NOMURA HOLDINGS ADR REPTG ONE ORD (NMR),3.47,9.0,31.23,Assigned,A,3.47,0,0,0.0,31.23,0.0,0.0
384,Stocks,NRILY,NOMURA RESEARCH INSTITUTE UNSP ADR EACH REP 1 ORD SHS (R/S) (NRILY),0.43,27.46,11.8,Assigned,A,0.43,0,0,0.0,11.81,0.0,0.0
385,Stocks,NSC,NORFOLK SOUTHN CORP COM (NSC),1.0,314.74,314.74,Split 40/40/20,,0.4,0.4,0.2,0.0,125.9,125.9,62.95
386,Stocks,NOC,NORTHROP GRUMMAN CORP COM USD1 (NOC),0.4,724.38,289.75,Split 40/40/20,,0.16,0.16,0.08,0.0,115.9,115.9,57.95
387,Stocks,NVS,NOVARTIS AG SPONSORED ADR (NVS),3.39,168.62,571.62,Assigned,H,0,3.39,0,0.0,0.0,571.62,0.0
388,Stocks,NVO,NOVO NORDISK A/S ADR-EACH CNV INTO 1 CLASS B DKK1 (NVO),1.05,37.45,39.32,Assigned,H,0,1.05,0,0.0,0.0,39.32,0.0
389,Stocks,NVDA,NVIDIA CORPORATION COM (NVDA),83.27,177.19,14754.61,Split 40/40/20,,33.308,33.308,16.654,0.0,5901.84,5901.84,2950.92
390,Stocks,NTR,NUTRIEN LTD COM NPV ISIN #CA67077M1086 SEDOL #BDRJLN0 (NTR),5.88,75.07,441.41,Split 40/40/20,,2.352,2.352,1.176,0.0,176.56,176.56,88.28
391,Stocks,OI,O-I GLASS INC COM (OI),8.78,13.4,117.65,Split 40/40/20,,3.512,3.512,1.756,0.0,47.06,47.06,23.53
392,Stocks,ORLY,OREILLY AUTOMOTIVE INC COM (ORLY),2.85,93.88,267.55,Split 40/40/20,,1.14,1.14,0.57,0.0,107.02,107.02,53.51
393,Stocks,OKTA,OKTA INC CL A (OKTA),1.38,72.5,100.05,Split 40/40/20,,0.552,0.552,0.276,-0.0,40.02,40.02,20.01
394,Stocks,ODFL,OLD DOMINION FREIGHT LINE INC COM (ODFL),0.99,203.05,201.01,Split 40/40/20,,0.396,0.396,0.198,0.0,80.41,80.41,40.2
395,Stocks,ORCL,ORACLE CORP (ORCL),5.88,145.4,854.95,Split 40/40/20,,2.352,2.352,1.176,0.0,341.98,341.98,170.99
396,Stocks,ORANY,ORANGE-SPON ADR (ORANY),1.41,21.39,30.15,Assigned,H,0,1.41,0,0.0,0.0,30.16,0.0
397,Stocks,IX,ORIX CORPORATION SPON ADR EACH REP 5 ORD NPV CIT (IX),1.47,35.55,52.25,Assigned,H,0,1.47,0,0.0,0.0,52.26,0.0
398,Stocks,OSK,OSHKOSH CORP (OSK),0.89,170.02,151.31,Split 40/40/20,,0.356,0.356,0.178,0.0,60.53,60.53,30.26
399,Stocks,OVCHY,OVERSEA-CHINESE BANKING CORP UNSP ADR EACH REP 2 ORD (OVCHY),1.15,33.74,38.8,Assigned,H,0,1.15,0,0.0,0.0,38.8,0.0
400,Stocks,PCG,PG&E CORP COM NPV (PCG),11.22,19.0,213.18,Split 40/40/20,,4.488,4.488,2.244,0.0,85.27,85.27,42.64
401,Stocks,PNC,PNC FINANCIAL SERVICES GROUP COM USD5 (PNC),2.44,212.35,518.13,Split 40/40/20,,0.976,0.976,0.488,0.0,207.25,207.25,103.63
402,Stocks,PLTR,PALANTIR TECHNOLOGIES INC CL A (PLTR),0.89,137.19,122.09,Split 40/40/20,,0.356,0.356,0.178,0.0,48.84,48.84,24.42
403,Stocks,PANW,PALO ALTO NETWORKS INC COM USD0.0001 (PANW),0.25,148.92,37.23,Split 40/40/20,,0.1,0.1,0.05,0.0,14.89,14.89,7.45
404,Stocks,DQJCY,PAN PACIFIC INTL HLDGS CORP UNSPON ADS EACH REP 1 ORD SHS (DQJCY),1.2,13.45,16.14,Assigned,H,0,1.2,0,0.0,0.0,16.14,0.0
405,Stocks,PCRHY,PANASONIC HOLDINGS CORP UNSPON ADR EACH REP 1 ORD (PCRHY),2.74,16.1,44.11,Assigned,H,0,2.74,0,0.0,0.0,44.11,0.0
406,Stocks,PH,PARKER-HANNIFIN CORP COM (PH),0.2,1009.18,201.83,Split 40/40/20,,0.08,0.08,0.04,0.0,80.73,80.73,40.37
407,Stocks,PEP,PEPSICO INC (PEP),5.3,169.74,899.62,Split 40/40/20,,2.12,2.12,1.06,-0.0,359.85,359.85,179.92
408,Stocks,PFE,PFIZER INC (PFE),11.66,27.65,322.39,Split 40/40/20,,4.664,4.664,2.332,0.0,128.96,128.96,64.48
409,Stocks,PM,PHILIP MORRIS INTERNATIONAL INC COM NPV (PM),3.82,186.83,713.69,Split 40/40/20,,1.528,1.528,0.764,-0.0,285.48,285.48,142.74
410,Stocks,POOL,POOL CORP COM (POOL),0.31,227.18,70.42,Split 40/40/20,,0.124,0.124,0.062,0.0,28.17,28.17,14.09
411,Stocks,PG,PROCTER AND GAMBLE CO COM (PG),2.62,167.2,438.06,Split 40/40/20,,1.048,1.048,0.524,0.0,175.23,175.23,87.61
412,Stocks,PROSY,PROSUS N.V. SPON ADR EACH REP 0.20 ORD SHS (PROSY),4.25,10.24,43.52,Assigned,A,4.25,0,0,0.0,43.52,0.0,0.0
413,Stocks,PUK,PRUDENTIAL ADR EACH REPR 2 ORD GBP0.05(PUK),1.79,30.75,55.04,Assigned,E,0,0,1.79,0.0,0.0,0.0,55.04
414,Stocks,PRYMY,PRYSMIAN SPA UNSP ADR EACH REPR 0.50 ORD EUR0.10 (PRYMY),0.82,60.09,49.27,Assigned,H,0,0.82,0,0.0,0.0,49.27,0.0
415,Stocks,PHM,PULTE GROUP INC COM USD0.01 (PHM),1.94,137.2,266.16,Split 40/40/20,,0.776,0.776,0.388,0.0,106.47,106.47,53.23
416,Stocks,QCOM,QUALCOMM INC (QCOM),1.94,142.36,276.17,Split 40/40/20,,0.776,0.776,0.388,0.0,110.47,110.47,55.24
417,Stocks,RPM,RPM INTERNATIONAL INC (RPM),0.38,114.12,43.36,Split 40/40/20,,0.152,0.152,0.076,0.0,17.35,17.35,8.67
418,Stocks,RDN,RADIAN GROUP INC COM USD0.001 (RDN),5.19,34.52,179.15,Split 40/40/20,,2.076,2.076,1.038,0.0,71.66,71.66,35.83
419,Stocks,RTX,RTX CORPORATION COM USD1.00 (RTX),1.67,202.62,338.37,Split 40/40/20,,0.668,0.668,0.334,-0.0,135.35,135.35,67.68
420,Stocks,756CNT929,ADR RECKITT BENCK ESCROW,3.33,,,Assigned,E,0,0,3.33,0.0,,,
421,Stocks,RBGLD,RECKITT BENCKISER GROUP PLC SPON ADR EACH REP 0.20 ORD (P/S) (RBGLD),3.0,17.56,52.68,Assigned,H,0,3.0,0,0.0,0.0,52.68,0.0
422,Stocks,RCRUY,RECRUIT HOLDINGS CO LTD UNSPON ADR EACH REPR 0.2 ORD SHS (RCRUY),2.22,8.64,19.18,Assigned,A,2.22,0,0,0.0,19.18,0.0,0.0
423,Stocks,RDDT,REDDIT INC CL A (RDDT),0.79,145.81,115.18,Split 40/40/20,,0.316,0.316,0.158,0.0,46.08,46.08,23.04
424,Stocks,REGN,REGENERON PHARMACEUTICALS INC (REGN),0.72,781.67,562.8,Split 40/40/20,,0.288,0.288,0.144,0.0,225.12,225.12,112.56
425,Stocks,RELX,RELX PLC SPON ADS EACH REPR 1 ORD SHS GBP0.144 (RELX),1.12,34.79,38.96,Assigned,H,0,1.12,0,0.0,0.0,38.96,0.0
426,Stocks,RNECY,RENESAS ELECTRONICS CORP UNSPONSORD ADR (RNECY),8.79,9.43,82.88,Assigned,H,0,8.79,0,0.0,0.0,82.89,0.0
427,Stocks,RNMBY,RHEINMETALL AG UNSP ADR EACH REPR 0.2 ORD (RNMBY),0.12,394.79,47.37,Assigned,E,0,0,0.12,0.0,0.0,0.0,47.37
428,Stocks,RIO,RIO TINTO ADR EACH REP 1 ORD (RIO),0.69,99.34,68.54,Assigned,E,0,0,0.69,0.0,0.0,0.0,68.54
429,Stocks,HOOD,ROBINHOOD MKTS INC COM CL A (HOOD),1.36,75.85,103.15,Split 40/40/20,,0.544,0.544,0.272,0.0,41.26,41.26,20.63
430,Stocks,RBLX,ROBLOX CORP CL A (RBLX),3.36,68.66,230.69,Split 40/40/20,,1.344,1.344,0.672,-0.0,92.28,92.28,46.14
431,Stocks,RHHBY,ROCHE HOLDINGS ADR (RHHBY),10.65,59.55,634.2,Assigned,A,10.65,0,0,0.0,634.21,0.0,0.0
432,Stocks,ROKU,ROKU INC COM CL A (ROKU),1.58,98.41,155.48,Split 40/40/20,,0.632,0.632,0.316,0.0,62.2,62.2,31.1
433,Stocks,RYCEY,ROLLS ROYCE HOLDINGS SPON ADR EACH REP 1 ORD SHS (RYCEY),9.96,18.62,185.45,Assigned,H,0,9.96,0,0.0,0.0,185.46,0.0
434,Stocks,ROP,ROPER TECHNOLOGIES INC (ROP),0.55,349.73,192.35,Split 40/40/20,,0.22,0.22,0.11,0.0,76.94,76.94,38.47
435,Stocks,ROST,ROSS STORES INC (ROST),2.39,205.64,491.47,Split 40/40/20,,0.956,0.956,0.478,0.0,196.59,196.59,98.3
436,Stocks,SHEL,SHELL PLC SPON ADS EA REP 2 ORD SHS (SHEL),8.31,83.51,693.96,Assigned,A,8.31,0,0,0.0,693.97,0.0,0.0
437,Stocks,RYAAY,RYANAIR HOLDINGS PLC ADS EACH REPR 5 ORD EUR0.012 POST REV SP (RYAAY),0.42,67.49,28.34,Assigned,H,0,0.42,0,0.0,0.0,28.35,0.0
438,Stocks,SPGI,S&P GLOBAL INC COM (SPGI),0.21,441.88,92.79,Split 40/40/20,,0.084,0.084,0.042,-0.0,37.12,37.12,18.56
439,Stocks,SMCAY,SMC SPN ADR REP ORD (SMCAY),2.36,23.94,56.49,Assigned,A,2.36,0,0,0.0,56.5,0.0,0.0
440,Stocks,SSEZY,SSE PLC SPONSORED ADR (SSEZY),1.0,36.7,36.7,Assigned,A,1.0,0,0,0.0,36.7,0.0,0.0
441,Stocks,SAFRY,SAFRAN SA UNSPON ADR EA REP 0.25 ORD (SAFRY),1.23,100.6,123.73,Assigned,A,1.23,0,0,0.0,123.74,0.0,0.0
442,Stocks,SAIA,SAIA INC (SAIA),0.23,405.39,93.23,Split 40/40/20,,0.092,0.092,0.046,0.0,37.3,37.3,18.65
443,Stocks,CRM,SALESFORCE INC COM (CRM),0.95,194.79,185.05,Split 40/40/20,,0.38,0.38,0.19,0.0,74.02,74.02,37.01
444,Stocks,SBH,SALLY BEAUTY HOLDINGS INC (SBH),7.49,16.07,120.36,Split 40/40/20,,2.996,2.996,1.498,0.0,48.15,48.15,24.07
445,Stocks,SAXPY,SAMPO PLC UNSP ADR EACH REP 0.5 A SH(SAXPY),1.02,22.12,22.56,Assigned,H,0,1.02,0,0.0,0.0,22.56,0.0
446,Stocks,SNDK,SANDISK CORP COM (SNDK),0.57,635.36,362.15,Split 40/40/20,,0.228,0.228,0.114,-0.0,144.86,144.86,72.43
447,Stocks,SNY,SANOFI ADR REP 1 1/2 ORD (SNY),0.73,48.66,35.52,Assigned,H,0,0.73,0,0.0,0.0,35.52,0.0
448,Stocks,SAP,SAP ADR REP 1 ORD(SAP),0.51,201.53,102.78,Assigned,H,0,0.51,0,0.0,0.0,102.78,0.0
449,Stocks,SBGSY,SCHNEIDER ELECTRIC SE UNSPONSORD ADR(SBGSY),1.0,65.21,65.21,Assigned,A,1.0,0,0,0.0,65.21,0.0,0.0
450,Stocks,SCHW,SCHWAB CHARLES CORP COM (SCHW),7.38,95.2,702.57,Split 40/40/20,,2.952,2.952,1.476,0.0,281.03,281.03,140.52
451,Stocks,SE,SEA LIMITED ADS EACH REP ONE CLASS A ORD SHS (SE),0.09,108.45,9.76,Assigned,A,0.09,0,0,0.0,9.76,0.0,0.0
452,Stocks,SRE,SEMPRA COM (SRE),2.83,96.27,272.44,Split 40/40/20,,1.132,1.132,0.566,0.0,108.98,108.98,54.49
453,Stocks,NOW,SERVICENOW INC COM USD0.001 (NOW),6.15,108.01,664.26,Split 40/40/20,,2.46,2.46,1.23,0.0,265.7,265.7,132.85
454,Stocks,SVNDY,SEVEN &I HLDGS CO LTD UNSPONSORD ADR(SVNDY),0.84,14.02,11.77,Assigned,H,0,0.84,0,0.0,0.0,11.78,0.0
455,Stocks,SHW,SHERWIN-WILLIAMS CO (SHW),0.24,362.59,87.02,Split 40/40/20,,0.096,0.096,0.048,0.0,34.81,34.81,17.4
456,Stocks,SHECY,SHIN ETSU CHEMICAL CO LTD ADR (SHECY),1.37,19.64,26.9,Assigned,A,1.37,0,0,0.0,26.91,0.0,0.0
457,Stocks,SHOP,SHOPIFY INC COM NPV CL A ISIN #CA82509L1076 SEDOL #BX865C7 (SHOP),3.02,120.73,364.6,Split 40/40/20,,1.208,1.208,0.604,0.0,145.84,145.84,72.92
458,Stocks,SIEGY,SIEMENS AG SPON ADR EACH REP 0.5 ORD SHS (SIEGY),5.69,145.59,828.4,Assigned,H,0,5.69,0,0.0,0.0,828.41,0.0
459,Stocks,SMERY,SIEMENS ENERGY AG SPON ADS EACH REP 1 ORD SHS (SMERY),0.24,196.526,47.16,Assigned,H,0,0.24,0,0.0,0.0,47.17,0.0
460,Stocks,SMMNY,SIEMENS HEALTHINEERS AG UNSPON ADR EACH REP 0.50 ORD SHS (SMMNY),0.94,24.85,23.35,Assigned,A,0.94,0,0,0.0,23.36,0.0,0.0
461,Stocks,SGAPY,SINGAPORE TELECOMMUNICATIONS ADR (SGAPY),0.45,39.8,17.91,Assigned,A,0.45,0,0,0.0,17.91,0.0,0.0
462,Stocks,SWKS,SKYWORKS SOLUTIONS INC (SWKS),1.32,59.58,78.64,Split 40/40/20,,0.528,0.528,0.264,0.0,31.46,31.46,15.73
463,Stocks,SNN,SMITH &NEPHEW PLC ADR EACH REPR 2 ORD (SNN),0.58,36.9,21.4,Assigned,H,0,0.58,0,0.0,0.0,21.4,0.0
464,Stocks,SNAP,SNAP INC CL A (SNAP),10.83,5.21,56.42,Split 40/40/20,,4.332,4.332,2.166,0.0,22.57,22.57,11.28
465,Stocks,SNOW,SNOWFLAKE INC. COMMON STOCK (SNOW),0.67,168.41,112.83,Split 40/40/20,,0.268,0.268,0.134,0.0,45.13,45.13,22.57
466,Stocks,SCGLY,SOCIETE GENERALE FRANCE SPONSORED ADR (SCGLY),3.54,17.39,61.56,Assigned,A,3.54,0,0,0.0,61.56,0.0,0.0
467,Stocks,SMPNY,SOMPO HOLDINGS INC AMERICAN DEPOSITARY RECEIPTS UNSPONSORED (SMPNY),0.9,19.79,17.81,Assigned,A,0.9,0,0,0.0,17.81,0.0,0.0
468,Stocks,SKHHY,SONIC HEALTHCARE SPON ADR EACH REP 1 ORD SHS (SKHHY),2.05,17.053,34.95,Assigned,A,2.05,0,0,0.0,34.96,0.0,0.0
469,Stocks,SONY,SONY GROUP CORPORATION SPON ADS EACH REPR 1 ORD SHS (SONY),1.35,23.06,31.13,Assigned,E,0,0,1.35,0.0,0.0,0.0,31.13
470,Stocks,SO,SOUTHERN CO (SO),8.91,97.38,867.65,Split 40/40/20,,3.564,3.564,1.782,0.0,347.06,347.06,173.53
471,Stocks,XYZ,BLOCK INC CL A (XYZ),3.36,63.7,214.03,Split 40/40/20,,1.344,1.344,0.672,-0.0,85.61,85.61,42.81
472,Stocks,SCBFY,STANDARD CHARTERED PLC UNSPON ADS EACH REP 2 ORD SHS (SCBFY),1.61,49.91,80.35,Assigned,H,0,1.61,0,0.0,0.0,80.36,0.0
473,Stocks,SBUX,STARBUCKS CORP COM USD0.001 (SBUX),1.52,98.02,148.99,Split 40/40/20,,0.608,0.608,0.304,0.0,59.6,59.6,29.8
474,Stocks,STT,STATE STREET CORP (STT),8.55,128.62,1099.7,Split 40/40/20,,3.42,3.42,1.71,0.0,439.88,439.88,219.94
475,Stocks,STM,STMICROELECTRONICS SPON ADR EACH REP 1 ORD SHS (STM),1.02,33.61,34.28,Assigned,A,1.02,0,0,0.0,34.28,0.0,0.0
476,Stocks,SYK,STRYKER CORPORATION COM (SYK),2.13,387.46,825.28,Split 40/40/20,,0.852,0.852,0.426,0.0,330.12,330.12,165.06
477,Stocks,SSUMY,SUMITOMO ADR (SSUMY),1.37,42.58,58.33,Assigned,H,0,1.37,0,0.0,0.0,58.33,0.0
478,Stocks,SMTOY,SUMITOMO ELECTRIC INDS ADR (SMTOY),0.72,66.18,47.64,Assigned,A,0.72,0,0,0.0,47.65,0.0,0.0
479,Stocks,SMFG,SUMITOMO MITSUI FINANCIAL GROUP INC ADR EACH REPR 3/5 ORD NPV (SMFG),2.57,22.44,57.67,Assigned,A,2.57,0,0,0.0,57.67,0.0,0.0
480,Stocks,SUHJY,SUN HUNG KAI PPTYS ADR (SUHJY),1.96,18.54,36.33,Assigned,H,0,1.96,0,0.0,0.0,36.34,0.0
481,Stocks,SZKMY,SUZUKI MOTOR CORP UNSPONSORD ADR(SZKMY),0.42,60.24,25.3,Assigned,H,0,0.42,0,0.0,0.0,25.3,0.0
482,Stocks,TJX,TJX COMPANIES INC (TJX),1.6,161.66,258.65,Split 40/40/20,,0.64,0.64,0.32,0.0,103.46,103.46,51.73
483,Stocks,TMUS,T-MOBILE US INC COM (TMUS),0.21,217.09,45.58,Split 40/40/20,,0.084,0.084,0.042,-0.0,18.24,18.24,9.12
484,Stocks,TSM,TAIWAN SEMICONDUCTOR MANUFACTURING SPON ADS EACH REP 5 ORD TWD10 (TSM),1.74,374.58,651.76,Assigned,E,0,0,1.74,0.0,0.0,0.0,651.77
485,Stocks,TAK,TAKEDA PHARMACEUTICAL CO LTD SPON ADS EACH REP 0.5 ORD SHS (TAK),1.91,18.75,35.81,Assigned,E,0,0,1.91,0.0,0.0,0.0,35.81
486,Stocks,TPR,TAPESTRY INC COM (TPR),3.14,155.47,488.17,Split 40/40/20,,1.256,1.256,0.628,0.0,195.27,195.27,97.64
487,Stocks,TRGP,TARGA RESOURCES CORP (TRGP),0.23,235.8,54.23,Split 40/40/20,,0.092,0.092,0.046,0.0,21.69,21.69,10.85
488,Stocks,TCCPY,TECHNOPRO HOLDINGS INC SPON ADS EACH REP 0.2 ORD SHS (TCCPY),2.29,5.8,13.28,Assigned,H,0,2.29,0,0.0,0.0,13.28,0.0
489,Stocks,TGNA,TEGNA INC COM (TGNA),5.21,,109.14,Split 40/40/20,,2.084,2.084,1.042,0.0,,,
490,Stocks,SGI,SOMNIGROUP INTERNATIONAL INC. COMMON STOCK (SGI),1.61,89.51,144.11,Split 40/40/20,,0.644,0.644,0.322,0.0,57.64,57.64,28.82
491,Stocks,TCEHY,TENCENT HOLDINGS LIMITED UNSPON ADR (TCEHY),0.37,65.7,24.3,Assigned,H,0,0.37,0,0.0,0.0,24.31,0.0
492,Stocks,TSLA,TESLA INC COM (TSLA),5.63,402.51,2266.13,Split 40/40/20,,2.252,2.252,1.126,0.0,906.45,906.45,453.23
493,Stocks,TEVA,TEVA PHARMACEUTICAL INDUSTRIES SPON ADS EACH REP 1 ORD SHS (TEVA),0.99,33.86,33.52,Assigned,A,0.99,0,0,0.0,33.52,0.0,0.0
494,Stocks,TXN,TEXAS INSTRUMENTS INC COM USD1.00 (TXN),3.34,212.11,708.44,Split 40/40/20,,1.336,1.336,0.668,-0.0,283.38,283.38,141.69
495,Stocks,TXT,TEXTRON INC (TXT),0.51,98.65,50.31,Split 40/40/20,,0.204,0.204,0.102,0.0,20.12,20.12,10.06
496,Stocks,THLLY,THALES SA UNSPN ADS EACH REP 0.2 ORD SHS (THLLY),0.46,60.97,28.04,Assigned,H,0,0.46,0,0.0,0.0,28.05,0.0
497,Stocks,TMO,THERMO FISHER SCIENTIFIC INC (TMO),1.11,521.11,578.43,Split 40/40/20,,0.444,0.444,0.222,0.0,231.37,231.37,115.69
498,Stocks,TGOPY,3I GROUP UNSP ADR EACH REPR 0.5 ORD (TGOPY),1.35,11.35,15.32,Assigned,A,1.35,0,0,0.0,15.32,0.0,0.0
499,Stocks,MMM,3M CO (MMM),2.55,165.32,421.56,Split 40/40/20,,1.02,1.02,0.51,0.0,168.63,168.63,84.31
500,Stocks,TKOMY,TOKIO MARINE HLDGS INC ADR (TKOMY),0.84,41.46,34.82,Assigned,A,0.84,0,0,0.0,34.83,0.0,0.0
501,Stocks,TOELY,TOKYO ELECTRON UNSPON ADR EACH REPR 0.5 SHS (TOELY),0.29,141.37,40.99,Assigned,E,0,0,0.29,0.0,0.0,0.0,41.0
502,Stocks,TOL,TOLL BROTHERS INC (TOL),1.26,157.24,198.12,Split 40/40/20,,0.504,0.504,0.252,0.0,79.25,79.25,39.62
503,Stocks,TM,TOYOTA MOTOR CORP ADR-EACH REP 10 ORD NPV LVL (TM),0.2,242.38,48.47,Assigned,E,0,0,0.2,0.0,0.0,0.0,48.48
504,Stocks,TW,TRADEWEB MKTS INC CL A (TW),0.75,123.255,92.44,Split 40/40/20,,0.3,0.3,0.15,0.0,36.98,36.98,18.49
505,Stocks,TDG,TRANSDIGM GROUP INC (TDG),0.27,1302.79,351.75,Split 40/40/20,,0.108,0.108,0.054,0.0,140.7,140.7,70.35
506,Stocks,TRV,TRAVELERS COMPANIES INC COM STK NPV (TRV),1.897,308.64,585.49,Split 40/40/20,,0.759,0.759,0.379,0.0,234.26,234.26,116.97
507,Stocks,UGI,UGI CORP (UGI),7.84,37.41,293.29,Split 40/40/20,,3.136,3.136,1.568,0.0,117.32,117.32,58.66
508,Stocks,USB,US BANCORP (USB),2.373,54.66,129.7,Split 40/40/20,,0.949,0.949,0.475,0.0,51.87,51.87,25.96
509,Stocks,UCBJY,UCB S.A. UNSP ADR EACH REPR 0.5 ORD (UCBJY),0.31,149.07,46.21,Assigned,A,0.31,0,0,0.0,46.21,0.0,0.0
510,Stocks,UBER,UBER TECHNOLOGIES INC COM (UBER),2.55,75.42,192.32,Split 40/40/20,,1.02,1.02,0.51,0.0,76.93,76.93,38.46
511,Stocks,ULTA,ULTA BEAUTY INC COM (ULTA),0.5,684.79,342.39,Split 40/40/20,,0.2,0.2,0.1,0.0,136.96,136.96,68.48
512,Stocks,UNCRY,UNICREDIT SPA UNSPON ADR EACH REP 0.5 ORD SHS (UNCRY),4.48,42.51,190.44,Assigned,H,0,4.48,0,0.0,0.0,190.44,0.0
513,Stocks,UL,UNILEVER PLC SPONSORED ADS EACH 1 ORD (REV SPT) (UL),0.71,73.75,52.36,Assigned,E,0,0,0.71,0.0,0.0,0.0,52.36
514,Stocks,UAL,UNITED AIRLS HLDGS INC COM (UAL),1.1,106.3,116.93,Split 40/40/20,,0.44,0.44,0.22,0.0,46.77,46.77,23.39
515,Stocks,UOVEY,UNITED OVERSEAS BK LTD SPONSORED ADR(UOVEY),0.3,58.16,17.44,Assigned,A,0.3,0,0,0.0,17.45,0.0,0.0
516,Stocks,USFD,US FOODS HLDG CORP COM (USFD),0.42,96.61,40.57,Split 40/40/20,,0.168,0.168,0.084,-0.0,16.23,16.23,8.12
517,Stocks,UNH,UNITEDHEALTH GROUP INC (UNH),3.47,293.27,1017.64,Split 40/40/20,,1.388,1.388,0.694,0.0,407.06,407.06,203.53
518,Stocks,UPMMY,UPM-KYMMENE CORP UNSPON ADS EACH REPR 1 ORD SHS (UPMMY),0.97,31.77,30.81,Assigned,A,0.97,0,0,0.0,30.82,0.0,0.0
519,Stocks,VLO,VALERO ENERGY CORP COM (VLO),0.89,204.64,182.12,Split 40/40/20,,0.356,0.356,0.178,0.0,72.85,72.85,36.43
520,Stocks,VZ,VERIZON COMMUNICATIONS INC (VZ),6.29,50.14,315.38,Split 40/40/20,,2.516,2.516,1.258,0.0,126.15,126.15,63.08
521,Stocks,VRSK,VERISK ANALYTICS INC COM (VRSK),0.66,207.57,136.99,Split 40/40/20,,0.264,0.264,0.132,0.0,54.8,54.8,27.4
522,Stocks,VRTX,VERTEX PHARMACEUTICALS INC (VRTX),0.57,496.83,283.19,Split 40/40/20,,0.228,0.228,0.114,-0.0,113.28,113.28,56.64
523,Stocks,VRT,VERTIV HOLDINGS CO COM CL A (VRT),0.97,254.89,247.24,Split 40/40/20,,0.388,0.388,0.194,0.0,98.9,98.9,49.45
524,Stocks,VWDRY,VESTAS WIND SYS AS UNSP ADR (VWDRY),1.92,8.45,16.22,Assigned,H,0,1.92,0,0.0,0.0,16.22,0.0
525,Stocks,VTRS,VIATRIS INC COM (VTRS),16.85,14.93,251.57,Split 40/40/20,,6.74,6.74,3.37,0.0,100.63,100.63,50.31
526,Stocks,VKTX,VIKING THERAPEUTICS INC COM USD0.00001 (VKTX),2.54,33.84,85.95,Split 40/40/20,,1.016,1.016,0.508,0.0,34.38,34.38,17.19
527,Stocks,VCISY,VINCI ADR EACH REPR 0.25 ORD EUR2.5 (VCISY),0.43,41.46,17.82,Assigned,H,0,0.43,0,0.0,0.0,17.83,0.0
528,Stocks,V,VISA INC (V),4.68,320.14,1498.25,Split 40/40/20,,1.872,1.872,0.936,-0.0,599.3,599.3,299.65
529,Stocks,VLVLY,VOLVO(AB) UNSP ADR EACH REP 1 ORD SHS (VLVLY),0.48,38.85,18.64,Assigned,A,0.48,0,0,0.0,18.65,0.0,0.0
530,Stocks,WAB,WABTEC COM (WAB),2.94,263.95,776.01,Split 40/40/20,,1.176,1.176,0.588,0.0,310.41,310.41,155.2
531,Stocks,WMT,WALMART INC COM (WMT),4.08,127.95,522.03,Split 40/40/20,,1.632,1.632,0.816,0.0,208.81,208.81,104.41
532,Stocks,WBD,WARNER BROS DISCOVERY INC COM SER A (WBD),24.48,28.17,689.6,Split 40/40/20,,9.792,9.792,4.896,0.0,275.84,275.84,137.92
533,Stocks,WMG,WARNER MUSIC GROUP CORP COM CL A (WMG),4.0,28.6,114.4,Split 40/40/20,,1.6,1.6,0.8,0.0,45.76,45.76,22.88
534,Stocks,WCN,WASTE CONNECTIONS INC (WCN),2.97,172.13,511.22,Split 40/40/20,,1.188,1.188,0.594,0.0,204.49,204.49,102.25
535,Stocks,WM,WASTE MANAGEMENT INC (WM),0.36,240.84,86.7,Split 40/40/20,,0.144,0.144,0.072,0.0,34.68,34.68,17.34
536,Stocks,WFC,WELLS FARGO CO NEW COM (WFC),17.88,81.45,1456.32,Split 40/40/20,,7.152,7.152,3.576,0.0,582.53,582.53,291.27
537,Stocks,WDC,WESTERN DIGITAL CORP. COM (WDC),4.24,279.7,1185.92,Split 40/40/20,,1.696,1.696,0.848,0.0,474.37,474.37,237.19
538,Stocks,WING,WINGSTOP INC COM (WING),0.22,259.51,57.09,Split 40/40/20,,0.088,0.088,0.044,0.0,22.84,22.84,11.42
539,Stocks,WTKWY,WOLTERS KLUWERS SPON ADR EACH REP 1 ORD SHS (WTKWY),0.15,81.14,12.17,Assigned,H,0,0.15,0,0.0,0.0,12.17,0.0
540,Stocks,XEL,XCEL ENERGY INC COM USD2.5 (XEL),2.11,83.36,175.88,Split 40/40/20,,0.844,0.844,0.422,0.0,70.36,70.36,35.18
541,Stocks,YUM,YUM] BRANDS INC (YUM),1.215,168.16,204.31,Split 40/40/20,,0.486,0.486,0.243,0.0,81.73,81.73,40.86
542,Stocks,YAHOY,LY CORPORATION UNSP ADS EA REPR 2 ORD SHS (YAHOY),2.5,4.9,12.25,Assigned,A,2.5,0,0,0.0,12.25,0.0,0.0
543,Stocks,ZION,ZIONS BANCORPORATION N A COM (ZION),4.85,57.28,277.8,Split 40/40/20,,1.94,1.94,0.97,0.0,111.12,111.12,55.56
544,Stocks,ZURVY,ZURICH INSURANCE GROUP AG SPON ADR EACH REP 0.1 ORD SHS (ZURVY),1.03,37.65,38.77,Assigned,A,1.03,0,0,0.0,38.78,0.0,0.0
545,Other,AGNC,AGNC INVT CORP COM (AGNC),10.72,11.21,120.17,Split 40/40/20,,4.288,4.288,2.144,0.0,48.07,48.07,24.03
546,Other,AMT,AMERICAN TOWER CORP NEW COM (AMT),3.767,191.86,722.73,Split 40/40/20,,1.507,1.507,0.753,0.0,289.13,289.13,144.47
547,Other,AVB,AVALONBAY COMMUNITIES INC COM USD0.01 (AVB),0.42,177.23,74.43,Split 40/40/20,,0.168,0.168,0.084,-0.0,29.77,29.77,14.89
548,Other,EQIX,EQUINIX INC COM (EQIX),0.53,974.26,516.35,Split 40/40/20,,0.212,0.212,0.106,0.0,206.54,206.54,103.27
549,Other,ESS,ESSEX PROPERTY TRUST INC COM USD0.0001 (ESS),0.15,255.11,38.26,Split 40/40/20,,0.06,0.06,0.03,0.0,15.31,15.31,7.65
550,Other,HST,HOST HOTELS &RESORTS INC COM (HST),26.46,19.59,518.35,Split 40/40/20,,10.584,10.584,5.292,0.0,207.34,207.34,103.67
551,Other,PLD,PROLOGIS INC. COM (PLD),0.31,142.57,44.19,Split 40/40/20,,0.124,0.124,0.062,0.0,17.68,17.68,8.84
552,Other,PSA,PUBLIC STORAGE OPER CO COM (PSA),0.16,307.06,49.12,Split 40/40/20,,0.064,0.064,0.032,0.0,19.65,19.65,9.83
553,Other,SPG,SIMON PROPERTY GROUP INC (SPG),2.17,203.85,442.35,Split 40/40/20,,0.868,0.868,0.434,0.0,176.94,176.94,88.47
554,Other,VTR,VENTAS INC (VTR),1.89,86.16,162.84,Split 40/40/20,,0.756,0.756,0.378,-0.0,65.14,65.14,32.57
555,Other,WELL,WELLTOWER INC COM (WELL),1.84,207.12,381.1,Split 40/40/20,,0.736,0.736,0.368,0.0,152.44,152.44,76.22
